 
****************************************
Report : power
        -hier
        -analysis_effort low
Design : SystolicArray
Version: V-2023.12
Date   : Tue Apr  7 12:42:40 2026
****************************************


Library(s) Used:

    tcbn28hpcplusbwp30p140ffg0p99v0c_ccs (File: /hpc/Tech/TSMC/digital/N28/digital/Front_End/timing_power_noise/CCS/tcbn28hpcplusbwp30p140_180a/tcbn28hpcplusbwp30p140ffg0p99v0c_ccs.db)


Operating Conditions: ffg0p99v0c   Library: tcbn28hpcplusbwp30p140ffg0p99v0c_ccs
Wire Load Model Mode: segmented

Design        Wire Load Model            Library
------------------------------------------------
SystolicArray          ZeroWireload      tcbn28hpcplusbwp30p140ffg0p99v0c_ccs
PE_783                 ZeroWireload      tcbn28hpcplusbwp30p140ffg0p99v0c_ccs
PE_756                 ZeroWireload      tcbn28hpcplusbwp30p140ffg0p99v0c_ccs
PE_1                   ZeroWireload      tcbn28hpcplusbwp30p140ffg0p99v0c_ccs
PE_2                   ZeroWireload      tcbn28hpcplusbwp30p140ffg0p99v0c_ccs
PE_3                   ZeroWireload      tcbn28hpcplusbwp30p140ffg0p99v0c_ccs
PE_4                   ZeroWireload      tcbn28hpcplusbwp30p140ffg0p99v0c_ccs
PE_5                   ZeroWireload      tcbn28hpcplusbwp30p140ffg0p99v0c_ccs
PE_6                   ZeroWireload      tcbn28hpcplusbwp30p140ffg0p99v0c_ccs
PE_7                   ZeroWireload      tcbn28hpcplusbwp30p140ffg0p99v0c_ccs
PE_8                   ZeroWireload      tcbn28hpcplusbwp30p140ffg0p99v0c_ccs
PE_9                   ZeroWireload      tcbn28hpcplusbwp30p140ffg0p99v0c_ccs
PE_10                  ZeroWireload      tcbn28hpcplusbwp30p140ffg0p99v0c_ccs
PE_11                  ZeroWireload      tcbn28hpcplusbwp30p140ffg0p99v0c_ccs
PE_12                  ZeroWireload      tcbn28hpcplusbwp30p140ffg0p99v0c_ccs
PE_13                  ZeroWireload      tcbn28hpcplusbwp30p140ffg0p99v0c_ccs
PE_14                  ZeroWireload      tcbn28hpcplusbwp30p140ffg0p99v0c_ccs
PE_15                  ZeroWireload      tcbn28hpcplusbwp30p140ffg0p99v0c_ccs
PE_16                  ZeroWireload      tcbn28hpcplusbwp30p140ffg0p99v0c_ccs
PE_17                  ZeroWireload      tcbn28hpcplusbwp30p140ffg0p99v0c_ccs
PE_18                  ZeroWireload      tcbn28hpcplusbwp30p140ffg0p99v0c_ccs
PE_19                  ZeroWireload      tcbn28hpcplusbwp30p140ffg0p99v0c_ccs
PE_20                  ZeroWireload      tcbn28hpcplusbwp30p140ffg0p99v0c_ccs
PE_21                  ZeroWireload      tcbn28hpcplusbwp30p140ffg0p99v0c_ccs
PE_22                  ZeroWireload      tcbn28hpcplusbwp30p140ffg0p99v0c_ccs
PE_23                  ZeroWireload      tcbn28hpcplusbwp30p140ffg0p99v0c_ccs
PE_24                  ZeroWireload      tcbn28hpcplusbwp30p140ffg0p99v0c_ccs
PE_25                  ZeroWireload      tcbn28hpcplusbwp30p140ffg0p99v0c_ccs
PE_26                  ZeroWireload      tcbn28hpcplusbwp30p140ffg0p99v0c_ccs
PE_27                  ZeroWireload      tcbn28hpcplusbwp30p140ffg0p99v0c_ccs
PE_29                  ZeroWireload      tcbn28hpcplusbwp30p140ffg0p99v0c_ccs
PE_30                  ZeroWireload      tcbn28hpcplusbwp30p140ffg0p99v0c_ccs
PE_31                  ZeroWireload      tcbn28hpcplusbwp30p140ffg0p99v0c_ccs
PE_32                  ZeroWireload      tcbn28hpcplusbwp30p140ffg0p99v0c_ccs
PE_33                  ZeroWireload      tcbn28hpcplusbwp30p140ffg0p99v0c_ccs
PE_34                  ZeroWireload      tcbn28hpcplusbwp30p140ffg0p99v0c_ccs
PE_35                  ZeroWireload      tcbn28hpcplusbwp30p140ffg0p99v0c_ccs
PE_36                  ZeroWireload      tcbn28hpcplusbwp30p140ffg0p99v0c_ccs
PE_37                  ZeroWireload      tcbn28hpcplusbwp30p140ffg0p99v0c_ccs
PE_38                  ZeroWireload      tcbn28hpcplusbwp30p140ffg0p99v0c_ccs
PE_39                  ZeroWireload      tcbn28hpcplusbwp30p140ffg0p99v0c_ccs
PE_40                  ZeroWireload      tcbn28hpcplusbwp30p140ffg0p99v0c_ccs
PE_41                  ZeroWireload      tcbn28hpcplusbwp30p140ffg0p99v0c_ccs
PE_42                  ZeroWireload      tcbn28hpcplusbwp30p140ffg0p99v0c_ccs
PE_43                  ZeroWireload      tcbn28hpcplusbwp30p140ffg0p99v0c_ccs
PE_44                  ZeroWireload      tcbn28hpcplusbwp30p140ffg0p99v0c_ccs
PE_45                  ZeroWireload      tcbn28hpcplusbwp30p140ffg0p99v0c_ccs
PE_46                  ZeroWireload      tcbn28hpcplusbwp30p140ffg0p99v0c_ccs
PE_47                  ZeroWireload      tcbn28hpcplusbwp30p140ffg0p99v0c_ccs
PE_48                  ZeroWireload      tcbn28hpcplusbwp30p140ffg0p99v0c_ccs
PE_49                  ZeroWireload      tcbn28hpcplusbwp30p140ffg0p99v0c_ccs
PE_50                  ZeroWireload      tcbn28hpcplusbwp30p140ffg0p99v0c_ccs
PE_51                  ZeroWireload      tcbn28hpcplusbwp30p140ffg0p99v0c_ccs
PE_52                  ZeroWireload      tcbn28hpcplusbwp30p140ffg0p99v0c_ccs
PE_53                  ZeroWireload      tcbn28hpcplusbwp30p140ffg0p99v0c_ccs
PE_54                  ZeroWireload      tcbn28hpcplusbwp30p140ffg0p99v0c_ccs
PE_55                  ZeroWireload      tcbn28hpcplusbwp30p140ffg0p99v0c_ccs
PE_57                  ZeroWireload      tcbn28hpcplusbwp30p140ffg0p99v0c_ccs
PE_58                  ZeroWireload      tcbn28hpcplusbwp30p140ffg0p99v0c_ccs
PE_59                  ZeroWireload      tcbn28hpcplusbwp30p140ffg0p99v0c_ccs
PE_60                  ZeroWireload      tcbn28hpcplusbwp30p140ffg0p99v0c_ccs
PE_61                  ZeroWireload      tcbn28hpcplusbwp30p140ffg0p99v0c_ccs
PE_62                  ZeroWireload      tcbn28hpcplusbwp30p140ffg0p99v0c_ccs
PE_63                  ZeroWireload      tcbn28hpcplusbwp30p140ffg0p99v0c_ccs
PE_64                  ZeroWireload      tcbn28hpcplusbwp30p140ffg0p99v0c_ccs
PE_65                  ZeroWireload      tcbn28hpcplusbwp30p140ffg0p99v0c_ccs
PE_66                  ZeroWireload      tcbn28hpcplusbwp30p140ffg0p99v0c_ccs
PE_67                  ZeroWireload      tcbn28hpcplusbwp30p140ffg0p99v0c_ccs
PE_68                  ZeroWireload      tcbn28hpcplusbwp30p140ffg0p99v0c_ccs
PE_69                  ZeroWireload      tcbn28hpcplusbwp30p140ffg0p99v0c_ccs
PE_70                  ZeroWireload      tcbn28hpcplusbwp30p140ffg0p99v0c_ccs
PE_71                  ZeroWireload      tcbn28hpcplusbwp30p140ffg0p99v0c_ccs
PE_72                  ZeroWireload      tcbn28hpcplusbwp30p140ffg0p99v0c_ccs
PE_73                  ZeroWireload      tcbn28hpcplusbwp30p140ffg0p99v0c_ccs
PE_74                  ZeroWireload      tcbn28hpcplusbwp30p140ffg0p99v0c_ccs
PE_75                  ZeroWireload      tcbn28hpcplusbwp30p140ffg0p99v0c_ccs
PE_76                  ZeroWireload      tcbn28hpcplusbwp30p140ffg0p99v0c_ccs
PE_77                  ZeroWireload      tcbn28hpcplusbwp30p140ffg0p99v0c_ccs
PE_78                  ZeroWireload      tcbn28hpcplusbwp30p140ffg0p99v0c_ccs
PE_79                  ZeroWireload      tcbn28hpcplusbwp30p140ffg0p99v0c_ccs
PE_80                  ZeroWireload      tcbn28hpcplusbwp30p140ffg0p99v0c_ccs
PE_81                  ZeroWireload      tcbn28hpcplusbwp30p140ffg0p99v0c_ccs
PE_82                  ZeroWireload      tcbn28hpcplusbwp30p140ffg0p99v0c_ccs
PE_83                  ZeroWireload      tcbn28hpcplusbwp30p140ffg0p99v0c_ccs
PE_85                  ZeroWireload      tcbn28hpcplusbwp30p140ffg0p99v0c_ccs
PE_86                  ZeroWireload      tcbn28hpcplusbwp30p140ffg0p99v0c_ccs
PE_87                  ZeroWireload      tcbn28hpcplusbwp30p140ffg0p99v0c_ccs
PE_88                  ZeroWireload      tcbn28hpcplusbwp30p140ffg0p99v0c_ccs
PE_89                  ZeroWireload      tcbn28hpcplusbwp30p140ffg0p99v0c_ccs
PE_90                  ZeroWireload      tcbn28hpcplusbwp30p140ffg0p99v0c_ccs
PE_91                  ZeroWireload      tcbn28hpcplusbwp30p140ffg0p99v0c_ccs
PE_92                  ZeroWireload      tcbn28hpcplusbwp30p140ffg0p99v0c_ccs
PE_93                  ZeroWireload      tcbn28hpcplusbwp30p140ffg0p99v0c_ccs
PE_94                  ZeroWireload      tcbn28hpcplusbwp30p140ffg0p99v0c_ccs
PE_95                  ZeroWireload      tcbn28hpcplusbwp30p140ffg0p99v0c_ccs
PE_96                  ZeroWireload      tcbn28hpcplusbwp30p140ffg0p99v0c_ccs
PE_97                  ZeroWireload      tcbn28hpcplusbwp30p140ffg0p99v0c_ccs
PE_98                  ZeroWireload      tcbn28hpcplusbwp30p140ffg0p99v0c_ccs
PE_99                  ZeroWireload      tcbn28hpcplusbwp30p140ffg0p99v0c_ccs
PE_100                 ZeroWireload      tcbn28hpcplusbwp30p140ffg0p99v0c_ccs
PE_101                 ZeroWireload      tcbn28hpcplusbwp30p140ffg0p99v0c_ccs
PE_102                 ZeroWireload      tcbn28hpcplusbwp30p140ffg0p99v0c_ccs
PE_103                 ZeroWireload      tcbn28hpcplusbwp30p140ffg0p99v0c_ccs
PE_104                 ZeroWireload      tcbn28hpcplusbwp30p140ffg0p99v0c_ccs
PE_105                 ZeroWireload      tcbn28hpcplusbwp30p140ffg0p99v0c_ccs
PE_106                 ZeroWireload      tcbn28hpcplusbwp30p140ffg0p99v0c_ccs
PE_107                 ZeroWireload      tcbn28hpcplusbwp30p140ffg0p99v0c_ccs
PE_108                 ZeroWireload      tcbn28hpcplusbwp30p140ffg0p99v0c_ccs
PE_109                 ZeroWireload      tcbn28hpcplusbwp30p140ffg0p99v0c_ccs
PE_110                 ZeroWireload      tcbn28hpcplusbwp30p140ffg0p99v0c_ccs
PE_111                 ZeroWireload      tcbn28hpcplusbwp30p140ffg0p99v0c_ccs
PE_113                 ZeroWireload      tcbn28hpcplusbwp30p140ffg0p99v0c_ccs
PE_114                 ZeroWireload      tcbn28hpcplusbwp30p140ffg0p99v0c_ccs
PE_115                 ZeroWireload      tcbn28hpcplusbwp30p140ffg0p99v0c_ccs
PE_116                 ZeroWireload      tcbn28hpcplusbwp30p140ffg0p99v0c_ccs
PE_117                 ZeroWireload      tcbn28hpcplusbwp30p140ffg0p99v0c_ccs
PE_118                 ZeroWireload      tcbn28hpcplusbwp30p140ffg0p99v0c_ccs
PE_119                 ZeroWireload      tcbn28hpcplusbwp30p140ffg0p99v0c_ccs
PE_120                 ZeroWireload      tcbn28hpcplusbwp30p140ffg0p99v0c_ccs
PE_121                 ZeroWireload      tcbn28hpcplusbwp30p140ffg0p99v0c_ccs
PE_122                 ZeroWireload      tcbn28hpcplusbwp30p140ffg0p99v0c_ccs
PE_123                 ZeroWireload      tcbn28hpcplusbwp30p140ffg0p99v0c_ccs
PE_124                 ZeroWireload      tcbn28hpcplusbwp30p140ffg0p99v0c_ccs
PE_125                 ZeroWireload      tcbn28hpcplusbwp30p140ffg0p99v0c_ccs
PE_126                 ZeroWireload      tcbn28hpcplusbwp30p140ffg0p99v0c_ccs
PE_127                 ZeroWireload      tcbn28hpcplusbwp30p140ffg0p99v0c_ccs
PE_128                 ZeroWireload      tcbn28hpcplusbwp30p140ffg0p99v0c_ccs
PE_129                 ZeroWireload      tcbn28hpcplusbwp30p140ffg0p99v0c_ccs
PE_130                 ZeroWireload      tcbn28hpcplusbwp30p140ffg0p99v0c_ccs
PE_131                 ZeroWireload      tcbn28hpcplusbwp30p140ffg0p99v0c_ccs
PE_132                 ZeroWireload      tcbn28hpcplusbwp30p140ffg0p99v0c_ccs
PE_133                 ZeroWireload      tcbn28hpcplusbwp30p140ffg0p99v0c_ccs
PE_134                 ZeroWireload      tcbn28hpcplusbwp30p140ffg0p99v0c_ccs
PE_135                 ZeroWireload      tcbn28hpcplusbwp30p140ffg0p99v0c_ccs
PE_136                 ZeroWireload      tcbn28hpcplusbwp30p140ffg0p99v0c_ccs
PE_137                 ZeroWireload      tcbn28hpcplusbwp30p140ffg0p99v0c_ccs
PE_138                 ZeroWireload      tcbn28hpcplusbwp30p140ffg0p99v0c_ccs
PE_139                 ZeroWireload      tcbn28hpcplusbwp30p140ffg0p99v0c_ccs
PE_141                 ZeroWireload      tcbn28hpcplusbwp30p140ffg0p99v0c_ccs
PE_142                 ZeroWireload      tcbn28hpcplusbwp30p140ffg0p99v0c_ccs
PE_143                 ZeroWireload      tcbn28hpcplusbwp30p140ffg0p99v0c_ccs
PE_144                 ZeroWireload      tcbn28hpcplusbwp30p140ffg0p99v0c_ccs
PE_145                 ZeroWireload      tcbn28hpcplusbwp30p140ffg0p99v0c_ccs
PE_146                 ZeroWireload      tcbn28hpcplusbwp30p140ffg0p99v0c_ccs
PE_147                 ZeroWireload      tcbn28hpcplusbwp30p140ffg0p99v0c_ccs
PE_148                 ZeroWireload      tcbn28hpcplusbwp30p140ffg0p99v0c_ccs
PE_149                 ZeroWireload      tcbn28hpcplusbwp30p140ffg0p99v0c_ccs
PE_150                 ZeroWireload      tcbn28hpcplusbwp30p140ffg0p99v0c_ccs
PE_151                 ZeroWireload      tcbn28hpcplusbwp30p140ffg0p99v0c_ccs
PE_152                 ZeroWireload      tcbn28hpcplusbwp30p140ffg0p99v0c_ccs
PE_153                 ZeroWireload      tcbn28hpcplusbwp30p140ffg0p99v0c_ccs
PE_154                 ZeroWireload      tcbn28hpcplusbwp30p140ffg0p99v0c_ccs
PE_155                 ZeroWireload      tcbn28hpcplusbwp30p140ffg0p99v0c_ccs
PE_156                 ZeroWireload      tcbn28hpcplusbwp30p140ffg0p99v0c_ccs
PE_157                 ZeroWireload      tcbn28hpcplusbwp30p140ffg0p99v0c_ccs
PE_158                 ZeroWireload      tcbn28hpcplusbwp30p140ffg0p99v0c_ccs
PE_159                 ZeroWireload      tcbn28hpcplusbwp30p140ffg0p99v0c_ccs
PE_160                 ZeroWireload      tcbn28hpcplusbwp30p140ffg0p99v0c_ccs
PE_161                 ZeroWireload      tcbn28hpcplusbwp30p140ffg0p99v0c_ccs
PE_162                 ZeroWireload      tcbn28hpcplusbwp30p140ffg0p99v0c_ccs
PE_163                 ZeroWireload      tcbn28hpcplusbwp30p140ffg0p99v0c_ccs
PE_164                 ZeroWireload      tcbn28hpcplusbwp30p140ffg0p99v0c_ccs
PE_165                 ZeroWireload      tcbn28hpcplusbwp30p140ffg0p99v0c_ccs
PE_166                 ZeroWireload      tcbn28hpcplusbwp30p140ffg0p99v0c_ccs
PE_167                 ZeroWireload      tcbn28hpcplusbwp30p140ffg0p99v0c_ccs
PE_169                 ZeroWireload      tcbn28hpcplusbwp30p140ffg0p99v0c_ccs
PE_170                 ZeroWireload      tcbn28hpcplusbwp30p140ffg0p99v0c_ccs
PE_171                 ZeroWireload      tcbn28hpcplusbwp30p140ffg0p99v0c_ccs
PE_172                 ZeroWireload      tcbn28hpcplusbwp30p140ffg0p99v0c_ccs
PE_173                 ZeroWireload      tcbn28hpcplusbwp30p140ffg0p99v0c_ccs
PE_174                 ZeroWireload      tcbn28hpcplusbwp30p140ffg0p99v0c_ccs
PE_175                 ZeroWireload      tcbn28hpcplusbwp30p140ffg0p99v0c_ccs
PE_176                 ZeroWireload      tcbn28hpcplusbwp30p140ffg0p99v0c_ccs
PE_177                 ZeroWireload      tcbn28hpcplusbwp30p140ffg0p99v0c_ccs
PE_178                 ZeroWireload      tcbn28hpcplusbwp30p140ffg0p99v0c_ccs
PE_179                 ZeroWireload      tcbn28hpcplusbwp30p140ffg0p99v0c_ccs
PE_180                 ZeroWireload      tcbn28hpcplusbwp30p140ffg0p99v0c_ccs
PE_181                 ZeroWireload      tcbn28hpcplusbwp30p140ffg0p99v0c_ccs
PE_182                 ZeroWireload      tcbn28hpcplusbwp30p140ffg0p99v0c_ccs
PE_183                 ZeroWireload      tcbn28hpcplusbwp30p140ffg0p99v0c_ccs
PE_184                 ZeroWireload      tcbn28hpcplusbwp30p140ffg0p99v0c_ccs
PE_185                 ZeroWireload      tcbn28hpcplusbwp30p140ffg0p99v0c_ccs
PE_186                 ZeroWireload      tcbn28hpcplusbwp30p140ffg0p99v0c_ccs
PE_187                 ZeroWireload      tcbn28hpcplusbwp30p140ffg0p99v0c_ccs
PE_188                 ZeroWireload      tcbn28hpcplusbwp30p140ffg0p99v0c_ccs
PE_189                 ZeroWireload      tcbn28hpcplusbwp30p140ffg0p99v0c_ccs
PE_190                 ZeroWireload      tcbn28hpcplusbwp30p140ffg0p99v0c_ccs
PE_191                 ZeroWireload      tcbn28hpcplusbwp30p140ffg0p99v0c_ccs
PE_192                 ZeroWireload      tcbn28hpcplusbwp30p140ffg0p99v0c_ccs
PE_193                 ZeroWireload      tcbn28hpcplusbwp30p140ffg0p99v0c_ccs
PE_194                 ZeroWireload      tcbn28hpcplusbwp30p140ffg0p99v0c_ccs
PE_195                 ZeroWireload      tcbn28hpcplusbwp30p140ffg0p99v0c_ccs
PE_197                 ZeroWireload      tcbn28hpcplusbwp30p140ffg0p99v0c_ccs
PE_198                 ZeroWireload      tcbn28hpcplusbwp30p140ffg0p99v0c_ccs
PE_199                 ZeroWireload      tcbn28hpcplusbwp30p140ffg0p99v0c_ccs
PE_200                 ZeroWireload      tcbn28hpcplusbwp30p140ffg0p99v0c_ccs
PE_201                 ZeroWireload      tcbn28hpcplusbwp30p140ffg0p99v0c_ccs
PE_202                 ZeroWireload      tcbn28hpcplusbwp30p140ffg0p99v0c_ccs
PE_203                 ZeroWireload      tcbn28hpcplusbwp30p140ffg0p99v0c_ccs
PE_204                 ZeroWireload      tcbn28hpcplusbwp30p140ffg0p99v0c_ccs
PE_205                 ZeroWireload      tcbn28hpcplusbwp30p140ffg0p99v0c_ccs
PE_206                 ZeroWireload      tcbn28hpcplusbwp30p140ffg0p99v0c_ccs
PE_207                 ZeroWireload      tcbn28hpcplusbwp30p140ffg0p99v0c_ccs
PE_208                 ZeroWireload      tcbn28hpcplusbwp30p140ffg0p99v0c_ccs
PE_209                 ZeroWireload      tcbn28hpcplusbwp30p140ffg0p99v0c_ccs
PE_210                 ZeroWireload      tcbn28hpcplusbwp30p140ffg0p99v0c_ccs
PE_211                 ZeroWireload      tcbn28hpcplusbwp30p140ffg0p99v0c_ccs
PE_212                 ZeroWireload      tcbn28hpcplusbwp30p140ffg0p99v0c_ccs
PE_213                 ZeroWireload      tcbn28hpcplusbwp30p140ffg0p99v0c_ccs
PE_214                 ZeroWireload      tcbn28hpcplusbwp30p140ffg0p99v0c_ccs
PE_215                 ZeroWireload      tcbn28hpcplusbwp30p140ffg0p99v0c_ccs
PE_216                 ZeroWireload      tcbn28hpcplusbwp30p140ffg0p99v0c_ccs
PE_217                 ZeroWireload      tcbn28hpcplusbwp30p140ffg0p99v0c_ccs
PE_218                 ZeroWireload      tcbn28hpcplusbwp30p140ffg0p99v0c_ccs
PE_219                 ZeroWireload      tcbn28hpcplusbwp30p140ffg0p99v0c_ccs
PE_220                 ZeroWireload      tcbn28hpcplusbwp30p140ffg0p99v0c_ccs
PE_221                 ZeroWireload      tcbn28hpcplusbwp30p140ffg0p99v0c_ccs
PE_222                 ZeroWireload      tcbn28hpcplusbwp30p140ffg0p99v0c_ccs
PE_223                 ZeroWireload      tcbn28hpcplusbwp30p140ffg0p99v0c_ccs
PE_225                 ZeroWireload      tcbn28hpcplusbwp30p140ffg0p99v0c_ccs
PE_226                 ZeroWireload      tcbn28hpcplusbwp30p140ffg0p99v0c_ccs
PE_227                 ZeroWireload      tcbn28hpcplusbwp30p140ffg0p99v0c_ccs
PE_228                 ZeroWireload      tcbn28hpcplusbwp30p140ffg0p99v0c_ccs
PE_229                 ZeroWireload      tcbn28hpcplusbwp30p140ffg0p99v0c_ccs
PE_230                 ZeroWireload      tcbn28hpcplusbwp30p140ffg0p99v0c_ccs
PE_231                 ZeroWireload      tcbn28hpcplusbwp30p140ffg0p99v0c_ccs
PE_232                 ZeroWireload      tcbn28hpcplusbwp30p140ffg0p99v0c_ccs
PE_233                 ZeroWireload      tcbn28hpcplusbwp30p140ffg0p99v0c_ccs
PE_234                 ZeroWireload      tcbn28hpcplusbwp30p140ffg0p99v0c_ccs
PE_235                 ZeroWireload      tcbn28hpcplusbwp30p140ffg0p99v0c_ccs
PE_236                 ZeroWireload      tcbn28hpcplusbwp30p140ffg0p99v0c_ccs
PE_237                 ZeroWireload      tcbn28hpcplusbwp30p140ffg0p99v0c_ccs
PE_238                 ZeroWireload      tcbn28hpcplusbwp30p140ffg0p99v0c_ccs
PE_239                 ZeroWireload      tcbn28hpcplusbwp30p140ffg0p99v0c_ccs
PE_240                 ZeroWireload      tcbn28hpcplusbwp30p140ffg0p99v0c_ccs
PE_241                 ZeroWireload      tcbn28hpcplusbwp30p140ffg0p99v0c_ccs
PE_242                 ZeroWireload      tcbn28hpcplusbwp30p140ffg0p99v0c_ccs
PE_243                 ZeroWireload      tcbn28hpcplusbwp30p140ffg0p99v0c_ccs
PE_244                 ZeroWireload      tcbn28hpcplusbwp30p140ffg0p99v0c_ccs
PE_245                 ZeroWireload      tcbn28hpcplusbwp30p140ffg0p99v0c_ccs
PE_246                 ZeroWireload      tcbn28hpcplusbwp30p140ffg0p99v0c_ccs
PE_247                 ZeroWireload      tcbn28hpcplusbwp30p140ffg0p99v0c_ccs
PE_248                 ZeroWireload      tcbn28hpcplusbwp30p140ffg0p99v0c_ccs
PE_249                 ZeroWireload      tcbn28hpcplusbwp30p140ffg0p99v0c_ccs
PE_250                 ZeroWireload      tcbn28hpcplusbwp30p140ffg0p99v0c_ccs
PE_251                 ZeroWireload      tcbn28hpcplusbwp30p140ffg0p99v0c_ccs
PE_253                 ZeroWireload      tcbn28hpcplusbwp30p140ffg0p99v0c_ccs
PE_254                 ZeroWireload      tcbn28hpcplusbwp30p140ffg0p99v0c_ccs
PE_255                 ZeroWireload      tcbn28hpcplusbwp30p140ffg0p99v0c_ccs
PE_256                 ZeroWireload      tcbn28hpcplusbwp30p140ffg0p99v0c_ccs
PE_257                 ZeroWireload      tcbn28hpcplusbwp30p140ffg0p99v0c_ccs
PE_258                 ZeroWireload      tcbn28hpcplusbwp30p140ffg0p99v0c_ccs
PE_259                 ZeroWireload      tcbn28hpcplusbwp30p140ffg0p99v0c_ccs
PE_260                 ZeroWireload      tcbn28hpcplusbwp30p140ffg0p99v0c_ccs
PE_261                 ZeroWireload      tcbn28hpcplusbwp30p140ffg0p99v0c_ccs
PE_262                 ZeroWireload      tcbn28hpcplusbwp30p140ffg0p99v0c_ccs
PE_263                 ZeroWireload      tcbn28hpcplusbwp30p140ffg0p99v0c_ccs
PE_264                 ZeroWireload      tcbn28hpcplusbwp30p140ffg0p99v0c_ccs
PE_265                 ZeroWireload      tcbn28hpcplusbwp30p140ffg0p99v0c_ccs
PE_266                 ZeroWireload      tcbn28hpcplusbwp30p140ffg0p99v0c_ccs
PE_267                 ZeroWireload      tcbn28hpcplusbwp30p140ffg0p99v0c_ccs
PE_268                 ZeroWireload      tcbn28hpcplusbwp30p140ffg0p99v0c_ccs
PE_269                 ZeroWireload      tcbn28hpcplusbwp30p140ffg0p99v0c_ccs
PE_270                 ZeroWireload      tcbn28hpcplusbwp30p140ffg0p99v0c_ccs
PE_271                 ZeroWireload      tcbn28hpcplusbwp30p140ffg0p99v0c_ccs
PE_272                 ZeroWireload      tcbn28hpcplusbwp30p140ffg0p99v0c_ccs
PE_273                 ZeroWireload      tcbn28hpcplusbwp30p140ffg0p99v0c_ccs
PE_274                 ZeroWireload      tcbn28hpcplusbwp30p140ffg0p99v0c_ccs
PE_275                 ZeroWireload      tcbn28hpcplusbwp30p140ffg0p99v0c_ccs
PE_276                 ZeroWireload      tcbn28hpcplusbwp30p140ffg0p99v0c_ccs
PE_277                 ZeroWireload      tcbn28hpcplusbwp30p140ffg0p99v0c_ccs
PE_278                 ZeroWireload      tcbn28hpcplusbwp30p140ffg0p99v0c_ccs
PE_279                 ZeroWireload      tcbn28hpcplusbwp30p140ffg0p99v0c_ccs
PE_281                 ZeroWireload      tcbn28hpcplusbwp30p140ffg0p99v0c_ccs
PE_282                 ZeroWireload      tcbn28hpcplusbwp30p140ffg0p99v0c_ccs
PE_283                 ZeroWireload      tcbn28hpcplusbwp30p140ffg0p99v0c_ccs
PE_284                 ZeroWireload      tcbn28hpcplusbwp30p140ffg0p99v0c_ccs
PE_285                 ZeroWireload      tcbn28hpcplusbwp30p140ffg0p99v0c_ccs
PE_286                 ZeroWireload      tcbn28hpcplusbwp30p140ffg0p99v0c_ccs
PE_287                 ZeroWireload      tcbn28hpcplusbwp30p140ffg0p99v0c_ccs
PE_288                 ZeroWireload      tcbn28hpcplusbwp30p140ffg0p99v0c_ccs
PE_289                 ZeroWireload      tcbn28hpcplusbwp30p140ffg0p99v0c_ccs
PE_290                 ZeroWireload      tcbn28hpcplusbwp30p140ffg0p99v0c_ccs
PE_291                 ZeroWireload      tcbn28hpcplusbwp30p140ffg0p99v0c_ccs
PE_292                 ZeroWireload      tcbn28hpcplusbwp30p140ffg0p99v0c_ccs
PE_293                 ZeroWireload      tcbn28hpcplusbwp30p140ffg0p99v0c_ccs
PE_294                 ZeroWireload      tcbn28hpcplusbwp30p140ffg0p99v0c_ccs
PE_295                 ZeroWireload      tcbn28hpcplusbwp30p140ffg0p99v0c_ccs
PE_296                 ZeroWireload      tcbn28hpcplusbwp30p140ffg0p99v0c_ccs
PE_297                 ZeroWireload      tcbn28hpcplusbwp30p140ffg0p99v0c_ccs
PE_298                 ZeroWireload      tcbn28hpcplusbwp30p140ffg0p99v0c_ccs
PE_299                 ZeroWireload      tcbn28hpcplusbwp30p140ffg0p99v0c_ccs
PE_300                 ZeroWireload      tcbn28hpcplusbwp30p140ffg0p99v0c_ccs
PE_301                 ZeroWireload      tcbn28hpcplusbwp30p140ffg0p99v0c_ccs
PE_302                 ZeroWireload      tcbn28hpcplusbwp30p140ffg0p99v0c_ccs
PE_303                 ZeroWireload      tcbn28hpcplusbwp30p140ffg0p99v0c_ccs
PE_304                 ZeroWireload      tcbn28hpcplusbwp30p140ffg0p99v0c_ccs
PE_305                 ZeroWireload      tcbn28hpcplusbwp30p140ffg0p99v0c_ccs
PE_306                 ZeroWireload      tcbn28hpcplusbwp30p140ffg0p99v0c_ccs
PE_307                 ZeroWireload      tcbn28hpcplusbwp30p140ffg0p99v0c_ccs
PE_309                 ZeroWireload      tcbn28hpcplusbwp30p140ffg0p99v0c_ccs
PE_310                 ZeroWireload      tcbn28hpcplusbwp30p140ffg0p99v0c_ccs
PE_311                 ZeroWireload      tcbn28hpcplusbwp30p140ffg0p99v0c_ccs
PE_312                 ZeroWireload      tcbn28hpcplusbwp30p140ffg0p99v0c_ccs
PE_313                 ZeroWireload      tcbn28hpcplusbwp30p140ffg0p99v0c_ccs
PE_314                 ZeroWireload      tcbn28hpcplusbwp30p140ffg0p99v0c_ccs
PE_315                 ZeroWireload      tcbn28hpcplusbwp30p140ffg0p99v0c_ccs
PE_316                 ZeroWireload      tcbn28hpcplusbwp30p140ffg0p99v0c_ccs
PE_317                 ZeroWireload      tcbn28hpcplusbwp30p140ffg0p99v0c_ccs
PE_318                 ZeroWireload      tcbn28hpcplusbwp30p140ffg0p99v0c_ccs
PE_319                 ZeroWireload      tcbn28hpcplusbwp30p140ffg0p99v0c_ccs
PE_320                 ZeroWireload      tcbn28hpcplusbwp30p140ffg0p99v0c_ccs
PE_321                 ZeroWireload      tcbn28hpcplusbwp30p140ffg0p99v0c_ccs
PE_322                 ZeroWireload      tcbn28hpcplusbwp30p140ffg0p99v0c_ccs
PE_323                 ZeroWireload      tcbn28hpcplusbwp30p140ffg0p99v0c_ccs
PE_324                 ZeroWireload      tcbn28hpcplusbwp30p140ffg0p99v0c_ccs
PE_325                 ZeroWireload      tcbn28hpcplusbwp30p140ffg0p99v0c_ccs
PE_326                 ZeroWireload      tcbn28hpcplusbwp30p140ffg0p99v0c_ccs
PE_327                 ZeroWireload      tcbn28hpcplusbwp30p140ffg0p99v0c_ccs
PE_328                 ZeroWireload      tcbn28hpcplusbwp30p140ffg0p99v0c_ccs
PE_329                 ZeroWireload      tcbn28hpcplusbwp30p140ffg0p99v0c_ccs
PE_330                 ZeroWireload      tcbn28hpcplusbwp30p140ffg0p99v0c_ccs
PE_331                 ZeroWireload      tcbn28hpcplusbwp30p140ffg0p99v0c_ccs
PE_332                 ZeroWireload      tcbn28hpcplusbwp30p140ffg0p99v0c_ccs
PE_333                 ZeroWireload      tcbn28hpcplusbwp30p140ffg0p99v0c_ccs
PE_334                 ZeroWireload      tcbn28hpcplusbwp30p140ffg0p99v0c_ccs
PE_335                 ZeroWireload      tcbn28hpcplusbwp30p140ffg0p99v0c_ccs
PE_337                 ZeroWireload      tcbn28hpcplusbwp30p140ffg0p99v0c_ccs
PE_338                 ZeroWireload      tcbn28hpcplusbwp30p140ffg0p99v0c_ccs
PE_339                 ZeroWireload      tcbn28hpcplusbwp30p140ffg0p99v0c_ccs
PE_340                 ZeroWireload      tcbn28hpcplusbwp30p140ffg0p99v0c_ccs
PE_341                 ZeroWireload      tcbn28hpcplusbwp30p140ffg0p99v0c_ccs
PE_342                 ZeroWireload      tcbn28hpcplusbwp30p140ffg0p99v0c_ccs
PE_343                 ZeroWireload      tcbn28hpcplusbwp30p140ffg0p99v0c_ccs
PE_344                 ZeroWireload      tcbn28hpcplusbwp30p140ffg0p99v0c_ccs
PE_345                 ZeroWireload      tcbn28hpcplusbwp30p140ffg0p99v0c_ccs
PE_346                 ZeroWireload      tcbn28hpcplusbwp30p140ffg0p99v0c_ccs
PE_347                 ZeroWireload      tcbn28hpcplusbwp30p140ffg0p99v0c_ccs
PE_348                 ZeroWireload      tcbn28hpcplusbwp30p140ffg0p99v0c_ccs
PE_349                 ZeroWireload      tcbn28hpcplusbwp30p140ffg0p99v0c_ccs
PE_350                 ZeroWireload      tcbn28hpcplusbwp30p140ffg0p99v0c_ccs
PE_351                 ZeroWireload      tcbn28hpcplusbwp30p140ffg0p99v0c_ccs
PE_352                 ZeroWireload      tcbn28hpcplusbwp30p140ffg0p99v0c_ccs
PE_353                 ZeroWireload      tcbn28hpcplusbwp30p140ffg0p99v0c_ccs
PE_354                 ZeroWireload      tcbn28hpcplusbwp30p140ffg0p99v0c_ccs
PE_355                 ZeroWireload      tcbn28hpcplusbwp30p140ffg0p99v0c_ccs
PE_356                 ZeroWireload      tcbn28hpcplusbwp30p140ffg0p99v0c_ccs
PE_357                 ZeroWireload      tcbn28hpcplusbwp30p140ffg0p99v0c_ccs
PE_358                 ZeroWireload      tcbn28hpcplusbwp30p140ffg0p99v0c_ccs
PE_359                 ZeroWireload      tcbn28hpcplusbwp30p140ffg0p99v0c_ccs
PE_360                 ZeroWireload      tcbn28hpcplusbwp30p140ffg0p99v0c_ccs
PE_361                 ZeroWireload      tcbn28hpcplusbwp30p140ffg0p99v0c_ccs
PE_362                 ZeroWireload      tcbn28hpcplusbwp30p140ffg0p99v0c_ccs
PE_363                 ZeroWireload      tcbn28hpcplusbwp30p140ffg0p99v0c_ccs
PE_365                 ZeroWireload      tcbn28hpcplusbwp30p140ffg0p99v0c_ccs
PE_366                 ZeroWireload      tcbn28hpcplusbwp30p140ffg0p99v0c_ccs
PE_367                 ZeroWireload      tcbn28hpcplusbwp30p140ffg0p99v0c_ccs
PE_368                 ZeroWireload      tcbn28hpcplusbwp30p140ffg0p99v0c_ccs
PE_369                 ZeroWireload      tcbn28hpcplusbwp30p140ffg0p99v0c_ccs
PE_370                 ZeroWireload      tcbn28hpcplusbwp30p140ffg0p99v0c_ccs
PE_371                 ZeroWireload      tcbn28hpcplusbwp30p140ffg0p99v0c_ccs
PE_372                 ZeroWireload      tcbn28hpcplusbwp30p140ffg0p99v0c_ccs
PE_373                 ZeroWireload      tcbn28hpcplusbwp30p140ffg0p99v0c_ccs
PE_374                 ZeroWireload      tcbn28hpcplusbwp30p140ffg0p99v0c_ccs
PE_375                 ZeroWireload      tcbn28hpcplusbwp30p140ffg0p99v0c_ccs
PE_376                 ZeroWireload      tcbn28hpcplusbwp30p140ffg0p99v0c_ccs
PE_377                 ZeroWireload      tcbn28hpcplusbwp30p140ffg0p99v0c_ccs
PE_378                 ZeroWireload      tcbn28hpcplusbwp30p140ffg0p99v0c_ccs
PE_379                 ZeroWireload      tcbn28hpcplusbwp30p140ffg0p99v0c_ccs
PE_380                 ZeroWireload      tcbn28hpcplusbwp30p140ffg0p99v0c_ccs
PE_381                 ZeroWireload      tcbn28hpcplusbwp30p140ffg0p99v0c_ccs
PE_382                 ZeroWireload      tcbn28hpcplusbwp30p140ffg0p99v0c_ccs
PE_383                 ZeroWireload      tcbn28hpcplusbwp30p140ffg0p99v0c_ccs
PE_384                 ZeroWireload      tcbn28hpcplusbwp30p140ffg0p99v0c_ccs
PE_385                 ZeroWireload      tcbn28hpcplusbwp30p140ffg0p99v0c_ccs
PE_386                 ZeroWireload      tcbn28hpcplusbwp30p140ffg0p99v0c_ccs
PE_387                 ZeroWireload      tcbn28hpcplusbwp30p140ffg0p99v0c_ccs
PE_388                 ZeroWireload      tcbn28hpcplusbwp30p140ffg0p99v0c_ccs
PE_389                 ZeroWireload      tcbn28hpcplusbwp30p140ffg0p99v0c_ccs
PE_390                 ZeroWireload      tcbn28hpcplusbwp30p140ffg0p99v0c_ccs
PE_391                 ZeroWireload      tcbn28hpcplusbwp30p140ffg0p99v0c_ccs
PE_393                 ZeroWireload      tcbn28hpcplusbwp30p140ffg0p99v0c_ccs
PE_394                 ZeroWireload      tcbn28hpcplusbwp30p140ffg0p99v0c_ccs
PE_395                 ZeroWireload      tcbn28hpcplusbwp30p140ffg0p99v0c_ccs
PE_396                 ZeroWireload      tcbn28hpcplusbwp30p140ffg0p99v0c_ccs
PE_397                 ZeroWireload      tcbn28hpcplusbwp30p140ffg0p99v0c_ccs
PE_398                 ZeroWireload      tcbn28hpcplusbwp30p140ffg0p99v0c_ccs
PE_399                 ZeroWireload      tcbn28hpcplusbwp30p140ffg0p99v0c_ccs
PE_400                 ZeroWireload      tcbn28hpcplusbwp30p140ffg0p99v0c_ccs
PE_401                 ZeroWireload      tcbn28hpcplusbwp30p140ffg0p99v0c_ccs
PE_402                 ZeroWireload      tcbn28hpcplusbwp30p140ffg0p99v0c_ccs
PE_403                 ZeroWireload      tcbn28hpcplusbwp30p140ffg0p99v0c_ccs
PE_404                 ZeroWireload      tcbn28hpcplusbwp30p140ffg0p99v0c_ccs
PE_405                 ZeroWireload      tcbn28hpcplusbwp30p140ffg0p99v0c_ccs
PE_406                 ZeroWireload      tcbn28hpcplusbwp30p140ffg0p99v0c_ccs
PE_407                 ZeroWireload      tcbn28hpcplusbwp30p140ffg0p99v0c_ccs
PE_408                 ZeroWireload      tcbn28hpcplusbwp30p140ffg0p99v0c_ccs
PE_409                 ZeroWireload      tcbn28hpcplusbwp30p140ffg0p99v0c_ccs
PE_410                 ZeroWireload      tcbn28hpcplusbwp30p140ffg0p99v0c_ccs
PE_411                 ZeroWireload      tcbn28hpcplusbwp30p140ffg0p99v0c_ccs
PE_412                 ZeroWireload      tcbn28hpcplusbwp30p140ffg0p99v0c_ccs
PE_413                 ZeroWireload      tcbn28hpcplusbwp30p140ffg0p99v0c_ccs
PE_414                 ZeroWireload      tcbn28hpcplusbwp30p140ffg0p99v0c_ccs
PE_415                 ZeroWireload      tcbn28hpcplusbwp30p140ffg0p99v0c_ccs
PE_416                 ZeroWireload      tcbn28hpcplusbwp30p140ffg0p99v0c_ccs
PE_417                 ZeroWireload      tcbn28hpcplusbwp30p140ffg0p99v0c_ccs
PE_418                 ZeroWireload      tcbn28hpcplusbwp30p140ffg0p99v0c_ccs
PE_419                 ZeroWireload      tcbn28hpcplusbwp30p140ffg0p99v0c_ccs
PE_421                 ZeroWireload      tcbn28hpcplusbwp30p140ffg0p99v0c_ccs
PE_422                 ZeroWireload      tcbn28hpcplusbwp30p140ffg0p99v0c_ccs
PE_423                 ZeroWireload      tcbn28hpcplusbwp30p140ffg0p99v0c_ccs
PE_424                 ZeroWireload      tcbn28hpcplusbwp30p140ffg0p99v0c_ccs
PE_425                 ZeroWireload      tcbn28hpcplusbwp30p140ffg0p99v0c_ccs
PE_426                 ZeroWireload      tcbn28hpcplusbwp30p140ffg0p99v0c_ccs
PE_427                 ZeroWireload      tcbn28hpcplusbwp30p140ffg0p99v0c_ccs
PE_428                 ZeroWireload      tcbn28hpcplusbwp30p140ffg0p99v0c_ccs
PE_429                 ZeroWireload      tcbn28hpcplusbwp30p140ffg0p99v0c_ccs
PE_430                 ZeroWireload      tcbn28hpcplusbwp30p140ffg0p99v0c_ccs
PE_431                 ZeroWireload      tcbn28hpcplusbwp30p140ffg0p99v0c_ccs
PE_432                 ZeroWireload      tcbn28hpcplusbwp30p140ffg0p99v0c_ccs
PE_433                 ZeroWireload      tcbn28hpcplusbwp30p140ffg0p99v0c_ccs
PE_434                 ZeroWireload      tcbn28hpcplusbwp30p140ffg0p99v0c_ccs
PE_435                 ZeroWireload      tcbn28hpcplusbwp30p140ffg0p99v0c_ccs
PE_436                 ZeroWireload      tcbn28hpcplusbwp30p140ffg0p99v0c_ccs
PE_437                 ZeroWireload      tcbn28hpcplusbwp30p140ffg0p99v0c_ccs
PE_438                 ZeroWireload      tcbn28hpcplusbwp30p140ffg0p99v0c_ccs
PE_439                 ZeroWireload      tcbn28hpcplusbwp30p140ffg0p99v0c_ccs
PE_440                 ZeroWireload      tcbn28hpcplusbwp30p140ffg0p99v0c_ccs
PE_441                 ZeroWireload      tcbn28hpcplusbwp30p140ffg0p99v0c_ccs
PE_442                 ZeroWireload      tcbn28hpcplusbwp30p140ffg0p99v0c_ccs
PE_443                 ZeroWireload      tcbn28hpcplusbwp30p140ffg0p99v0c_ccs
PE_444                 ZeroWireload      tcbn28hpcplusbwp30p140ffg0p99v0c_ccs
PE_445                 ZeroWireload      tcbn28hpcplusbwp30p140ffg0p99v0c_ccs
PE_446                 ZeroWireload      tcbn28hpcplusbwp30p140ffg0p99v0c_ccs
PE_447                 ZeroWireload      tcbn28hpcplusbwp30p140ffg0p99v0c_ccs
PE_449                 ZeroWireload      tcbn28hpcplusbwp30p140ffg0p99v0c_ccs
PE_450                 ZeroWireload      tcbn28hpcplusbwp30p140ffg0p99v0c_ccs
PE_451                 ZeroWireload      tcbn28hpcplusbwp30p140ffg0p99v0c_ccs
PE_452                 ZeroWireload      tcbn28hpcplusbwp30p140ffg0p99v0c_ccs
PE_453                 ZeroWireload      tcbn28hpcplusbwp30p140ffg0p99v0c_ccs
PE_454                 ZeroWireload      tcbn28hpcplusbwp30p140ffg0p99v0c_ccs
PE_455                 ZeroWireload      tcbn28hpcplusbwp30p140ffg0p99v0c_ccs
PE_456                 ZeroWireload      tcbn28hpcplusbwp30p140ffg0p99v0c_ccs
PE_457                 ZeroWireload      tcbn28hpcplusbwp30p140ffg0p99v0c_ccs
PE_458                 ZeroWireload      tcbn28hpcplusbwp30p140ffg0p99v0c_ccs
PE_459                 ZeroWireload      tcbn28hpcplusbwp30p140ffg0p99v0c_ccs
PE_460                 ZeroWireload      tcbn28hpcplusbwp30p140ffg0p99v0c_ccs
PE_461                 ZeroWireload      tcbn28hpcplusbwp30p140ffg0p99v0c_ccs
PE_462                 ZeroWireload      tcbn28hpcplusbwp30p140ffg0p99v0c_ccs
PE_463                 ZeroWireload      tcbn28hpcplusbwp30p140ffg0p99v0c_ccs
PE_464                 ZeroWireload      tcbn28hpcplusbwp30p140ffg0p99v0c_ccs
PE_465                 ZeroWireload      tcbn28hpcplusbwp30p140ffg0p99v0c_ccs
PE_466                 ZeroWireload      tcbn28hpcplusbwp30p140ffg0p99v0c_ccs
PE_467                 ZeroWireload      tcbn28hpcplusbwp30p140ffg0p99v0c_ccs
PE_468                 ZeroWireload      tcbn28hpcplusbwp30p140ffg0p99v0c_ccs
PE_469                 ZeroWireload      tcbn28hpcplusbwp30p140ffg0p99v0c_ccs
PE_470                 ZeroWireload      tcbn28hpcplusbwp30p140ffg0p99v0c_ccs
PE_471                 ZeroWireload      tcbn28hpcplusbwp30p140ffg0p99v0c_ccs
PE_472                 ZeroWireload      tcbn28hpcplusbwp30p140ffg0p99v0c_ccs
PE_473                 ZeroWireload      tcbn28hpcplusbwp30p140ffg0p99v0c_ccs
PE_474                 ZeroWireload      tcbn28hpcplusbwp30p140ffg0p99v0c_ccs
PE_475                 ZeroWireload      tcbn28hpcplusbwp30p140ffg0p99v0c_ccs
PE_477                 ZeroWireload      tcbn28hpcplusbwp30p140ffg0p99v0c_ccs
PE_478                 ZeroWireload      tcbn28hpcplusbwp30p140ffg0p99v0c_ccs
PE_479                 ZeroWireload      tcbn28hpcplusbwp30p140ffg0p99v0c_ccs
PE_480                 ZeroWireload      tcbn28hpcplusbwp30p140ffg0p99v0c_ccs
PE_481                 ZeroWireload      tcbn28hpcplusbwp30p140ffg0p99v0c_ccs
PE_482                 ZeroWireload      tcbn28hpcplusbwp30p140ffg0p99v0c_ccs
PE_483                 ZeroWireload      tcbn28hpcplusbwp30p140ffg0p99v0c_ccs
PE_484                 ZeroWireload      tcbn28hpcplusbwp30p140ffg0p99v0c_ccs
PE_485                 ZeroWireload      tcbn28hpcplusbwp30p140ffg0p99v0c_ccs
PE_486                 ZeroWireload      tcbn28hpcplusbwp30p140ffg0p99v0c_ccs
PE_487                 ZeroWireload      tcbn28hpcplusbwp30p140ffg0p99v0c_ccs
PE_488                 ZeroWireload      tcbn28hpcplusbwp30p140ffg0p99v0c_ccs
PE_489                 ZeroWireload      tcbn28hpcplusbwp30p140ffg0p99v0c_ccs
PE_490                 ZeroWireload      tcbn28hpcplusbwp30p140ffg0p99v0c_ccs
PE_491                 ZeroWireload      tcbn28hpcplusbwp30p140ffg0p99v0c_ccs
PE_492                 ZeroWireload      tcbn28hpcplusbwp30p140ffg0p99v0c_ccs
PE_493                 ZeroWireload      tcbn28hpcplusbwp30p140ffg0p99v0c_ccs
PE_494                 ZeroWireload      tcbn28hpcplusbwp30p140ffg0p99v0c_ccs
PE_495                 ZeroWireload      tcbn28hpcplusbwp30p140ffg0p99v0c_ccs
PE_496                 ZeroWireload      tcbn28hpcplusbwp30p140ffg0p99v0c_ccs
PE_497                 ZeroWireload      tcbn28hpcplusbwp30p140ffg0p99v0c_ccs
PE_498                 ZeroWireload      tcbn28hpcplusbwp30p140ffg0p99v0c_ccs
PE_499                 ZeroWireload      tcbn28hpcplusbwp30p140ffg0p99v0c_ccs
PE_500                 ZeroWireload      tcbn28hpcplusbwp30p140ffg0p99v0c_ccs
PE_501                 ZeroWireload      tcbn28hpcplusbwp30p140ffg0p99v0c_ccs
PE_502                 ZeroWireload      tcbn28hpcplusbwp30p140ffg0p99v0c_ccs
PE_503                 ZeroWireload      tcbn28hpcplusbwp30p140ffg0p99v0c_ccs
PE_505                 ZeroWireload      tcbn28hpcplusbwp30p140ffg0p99v0c_ccs
PE_506                 ZeroWireload      tcbn28hpcplusbwp30p140ffg0p99v0c_ccs
PE_507                 ZeroWireload      tcbn28hpcplusbwp30p140ffg0p99v0c_ccs
PE_508                 ZeroWireload      tcbn28hpcplusbwp30p140ffg0p99v0c_ccs
PE_509                 ZeroWireload      tcbn28hpcplusbwp30p140ffg0p99v0c_ccs
PE_510                 ZeroWireload      tcbn28hpcplusbwp30p140ffg0p99v0c_ccs
PE_511                 ZeroWireload      tcbn28hpcplusbwp30p140ffg0p99v0c_ccs
PE_512                 ZeroWireload      tcbn28hpcplusbwp30p140ffg0p99v0c_ccs
PE_513                 ZeroWireload      tcbn28hpcplusbwp30p140ffg0p99v0c_ccs
PE_514                 ZeroWireload      tcbn28hpcplusbwp30p140ffg0p99v0c_ccs
PE_515                 ZeroWireload      tcbn28hpcplusbwp30p140ffg0p99v0c_ccs
PE_516                 ZeroWireload      tcbn28hpcplusbwp30p140ffg0p99v0c_ccs
PE_517                 ZeroWireload      tcbn28hpcplusbwp30p140ffg0p99v0c_ccs
PE_518                 ZeroWireload      tcbn28hpcplusbwp30p140ffg0p99v0c_ccs
PE_519                 ZeroWireload      tcbn28hpcplusbwp30p140ffg0p99v0c_ccs
PE_520                 ZeroWireload      tcbn28hpcplusbwp30p140ffg0p99v0c_ccs
PE_521                 ZeroWireload      tcbn28hpcplusbwp30p140ffg0p99v0c_ccs
PE_522                 ZeroWireload      tcbn28hpcplusbwp30p140ffg0p99v0c_ccs
PE_523                 ZeroWireload      tcbn28hpcplusbwp30p140ffg0p99v0c_ccs
PE_524                 ZeroWireload      tcbn28hpcplusbwp30p140ffg0p99v0c_ccs
PE_525                 ZeroWireload      tcbn28hpcplusbwp30p140ffg0p99v0c_ccs
PE_526                 ZeroWireload      tcbn28hpcplusbwp30p140ffg0p99v0c_ccs
PE_527                 ZeroWireload      tcbn28hpcplusbwp30p140ffg0p99v0c_ccs
PE_528                 ZeroWireload      tcbn28hpcplusbwp30p140ffg0p99v0c_ccs
PE_529                 ZeroWireload      tcbn28hpcplusbwp30p140ffg0p99v0c_ccs
PE_530                 ZeroWireload      tcbn28hpcplusbwp30p140ffg0p99v0c_ccs
PE_531                 ZeroWireload      tcbn28hpcplusbwp30p140ffg0p99v0c_ccs
PE_533                 ZeroWireload      tcbn28hpcplusbwp30p140ffg0p99v0c_ccs
PE_534                 ZeroWireload      tcbn28hpcplusbwp30p140ffg0p99v0c_ccs
PE_535                 ZeroWireload      tcbn28hpcplusbwp30p140ffg0p99v0c_ccs
PE_536                 ZeroWireload      tcbn28hpcplusbwp30p140ffg0p99v0c_ccs
PE_537                 ZeroWireload      tcbn28hpcplusbwp30p140ffg0p99v0c_ccs
PE_538                 ZeroWireload      tcbn28hpcplusbwp30p140ffg0p99v0c_ccs
PE_539                 ZeroWireload      tcbn28hpcplusbwp30p140ffg0p99v0c_ccs
PE_540                 ZeroWireload      tcbn28hpcplusbwp30p140ffg0p99v0c_ccs
PE_541                 ZeroWireload      tcbn28hpcplusbwp30p140ffg0p99v0c_ccs
PE_542                 ZeroWireload      tcbn28hpcplusbwp30p140ffg0p99v0c_ccs
PE_543                 ZeroWireload      tcbn28hpcplusbwp30p140ffg0p99v0c_ccs
PE_544                 ZeroWireload      tcbn28hpcplusbwp30p140ffg0p99v0c_ccs
PE_545                 ZeroWireload      tcbn28hpcplusbwp30p140ffg0p99v0c_ccs
PE_546                 ZeroWireload      tcbn28hpcplusbwp30p140ffg0p99v0c_ccs
PE_547                 ZeroWireload      tcbn28hpcplusbwp30p140ffg0p99v0c_ccs
PE_548                 ZeroWireload      tcbn28hpcplusbwp30p140ffg0p99v0c_ccs
PE_549                 ZeroWireload      tcbn28hpcplusbwp30p140ffg0p99v0c_ccs
PE_550                 ZeroWireload      tcbn28hpcplusbwp30p140ffg0p99v0c_ccs
PE_551                 ZeroWireload      tcbn28hpcplusbwp30p140ffg0p99v0c_ccs
PE_552                 ZeroWireload      tcbn28hpcplusbwp30p140ffg0p99v0c_ccs
PE_553                 ZeroWireload      tcbn28hpcplusbwp30p140ffg0p99v0c_ccs
PE_554                 ZeroWireload      tcbn28hpcplusbwp30p140ffg0p99v0c_ccs
PE_555                 ZeroWireload      tcbn28hpcplusbwp30p140ffg0p99v0c_ccs
PE_556                 ZeroWireload      tcbn28hpcplusbwp30p140ffg0p99v0c_ccs
PE_557                 ZeroWireload      tcbn28hpcplusbwp30p140ffg0p99v0c_ccs
PE_558                 ZeroWireload      tcbn28hpcplusbwp30p140ffg0p99v0c_ccs
PE_559                 ZeroWireload      tcbn28hpcplusbwp30p140ffg0p99v0c_ccs
PE_561                 ZeroWireload      tcbn28hpcplusbwp30p140ffg0p99v0c_ccs
PE_562                 ZeroWireload      tcbn28hpcplusbwp30p140ffg0p99v0c_ccs
PE_563                 ZeroWireload      tcbn28hpcplusbwp30p140ffg0p99v0c_ccs
PE_564                 ZeroWireload      tcbn28hpcplusbwp30p140ffg0p99v0c_ccs
PE_565                 ZeroWireload      tcbn28hpcplusbwp30p140ffg0p99v0c_ccs
PE_566                 ZeroWireload      tcbn28hpcplusbwp30p140ffg0p99v0c_ccs
PE_567                 ZeroWireload      tcbn28hpcplusbwp30p140ffg0p99v0c_ccs
PE_568                 ZeroWireload      tcbn28hpcplusbwp30p140ffg0p99v0c_ccs
PE_569                 ZeroWireload      tcbn28hpcplusbwp30p140ffg0p99v0c_ccs
PE_570                 ZeroWireload      tcbn28hpcplusbwp30p140ffg0p99v0c_ccs
PE_571                 ZeroWireload      tcbn28hpcplusbwp30p140ffg0p99v0c_ccs
PE_572                 ZeroWireload      tcbn28hpcplusbwp30p140ffg0p99v0c_ccs
PE_573                 ZeroWireload      tcbn28hpcplusbwp30p140ffg0p99v0c_ccs
PE_574                 ZeroWireload      tcbn28hpcplusbwp30p140ffg0p99v0c_ccs
PE_575                 ZeroWireload      tcbn28hpcplusbwp30p140ffg0p99v0c_ccs
PE_576                 ZeroWireload      tcbn28hpcplusbwp30p140ffg0p99v0c_ccs
PE_577                 ZeroWireload      tcbn28hpcplusbwp30p140ffg0p99v0c_ccs
PE_578                 ZeroWireload      tcbn28hpcplusbwp30p140ffg0p99v0c_ccs
PE_579                 ZeroWireload      tcbn28hpcplusbwp30p140ffg0p99v0c_ccs
PE_580                 ZeroWireload      tcbn28hpcplusbwp30p140ffg0p99v0c_ccs
PE_581                 ZeroWireload      tcbn28hpcplusbwp30p140ffg0p99v0c_ccs
PE_582                 ZeroWireload      tcbn28hpcplusbwp30p140ffg0p99v0c_ccs
PE_583                 ZeroWireload      tcbn28hpcplusbwp30p140ffg0p99v0c_ccs
PE_584                 ZeroWireload      tcbn28hpcplusbwp30p140ffg0p99v0c_ccs
PE_585                 ZeroWireload      tcbn28hpcplusbwp30p140ffg0p99v0c_ccs
PE_586                 ZeroWireload      tcbn28hpcplusbwp30p140ffg0p99v0c_ccs
PE_587                 ZeroWireload      tcbn28hpcplusbwp30p140ffg0p99v0c_ccs
PE_589                 ZeroWireload      tcbn28hpcplusbwp30p140ffg0p99v0c_ccs
PE_590                 ZeroWireload      tcbn28hpcplusbwp30p140ffg0p99v0c_ccs
PE_591                 ZeroWireload      tcbn28hpcplusbwp30p140ffg0p99v0c_ccs
PE_592                 ZeroWireload      tcbn28hpcplusbwp30p140ffg0p99v0c_ccs
PE_593                 ZeroWireload      tcbn28hpcplusbwp30p140ffg0p99v0c_ccs
PE_594                 ZeroWireload      tcbn28hpcplusbwp30p140ffg0p99v0c_ccs
PE_595                 ZeroWireload      tcbn28hpcplusbwp30p140ffg0p99v0c_ccs
PE_596                 ZeroWireload      tcbn28hpcplusbwp30p140ffg0p99v0c_ccs
PE_597                 ZeroWireload      tcbn28hpcplusbwp30p140ffg0p99v0c_ccs
PE_598                 ZeroWireload      tcbn28hpcplusbwp30p140ffg0p99v0c_ccs
PE_599                 ZeroWireload      tcbn28hpcplusbwp30p140ffg0p99v0c_ccs
PE_600                 ZeroWireload      tcbn28hpcplusbwp30p140ffg0p99v0c_ccs
PE_601                 ZeroWireload      tcbn28hpcplusbwp30p140ffg0p99v0c_ccs
PE_602                 ZeroWireload      tcbn28hpcplusbwp30p140ffg0p99v0c_ccs
PE_603                 ZeroWireload      tcbn28hpcplusbwp30p140ffg0p99v0c_ccs
PE_604                 ZeroWireload      tcbn28hpcplusbwp30p140ffg0p99v0c_ccs
PE_605                 ZeroWireload      tcbn28hpcplusbwp30p140ffg0p99v0c_ccs
PE_606                 ZeroWireload      tcbn28hpcplusbwp30p140ffg0p99v0c_ccs
PE_607                 ZeroWireload      tcbn28hpcplusbwp30p140ffg0p99v0c_ccs
PE_608                 ZeroWireload      tcbn28hpcplusbwp30p140ffg0p99v0c_ccs
PE_609                 ZeroWireload      tcbn28hpcplusbwp30p140ffg0p99v0c_ccs
PE_610                 ZeroWireload      tcbn28hpcplusbwp30p140ffg0p99v0c_ccs
PE_611                 ZeroWireload      tcbn28hpcplusbwp30p140ffg0p99v0c_ccs
PE_612                 ZeroWireload      tcbn28hpcplusbwp30p140ffg0p99v0c_ccs
PE_613                 ZeroWireload      tcbn28hpcplusbwp30p140ffg0p99v0c_ccs
PE_614                 ZeroWireload      tcbn28hpcplusbwp30p140ffg0p99v0c_ccs
PE_615                 ZeroWireload      tcbn28hpcplusbwp30p140ffg0p99v0c_ccs
PE_617                 ZeroWireload      tcbn28hpcplusbwp30p140ffg0p99v0c_ccs
PE_618                 ZeroWireload      tcbn28hpcplusbwp30p140ffg0p99v0c_ccs
PE_619                 ZeroWireload      tcbn28hpcplusbwp30p140ffg0p99v0c_ccs
PE_620                 ZeroWireload      tcbn28hpcplusbwp30p140ffg0p99v0c_ccs
PE_621                 ZeroWireload      tcbn28hpcplusbwp30p140ffg0p99v0c_ccs
PE_622                 ZeroWireload      tcbn28hpcplusbwp30p140ffg0p99v0c_ccs
PE_623                 ZeroWireload      tcbn28hpcplusbwp30p140ffg0p99v0c_ccs
PE_624                 ZeroWireload      tcbn28hpcplusbwp30p140ffg0p99v0c_ccs
PE_625                 ZeroWireload      tcbn28hpcplusbwp30p140ffg0p99v0c_ccs
PE_626                 ZeroWireload      tcbn28hpcplusbwp30p140ffg0p99v0c_ccs
PE_627                 ZeroWireload      tcbn28hpcplusbwp30p140ffg0p99v0c_ccs
PE_628                 ZeroWireload      tcbn28hpcplusbwp30p140ffg0p99v0c_ccs
PE_629                 ZeroWireload      tcbn28hpcplusbwp30p140ffg0p99v0c_ccs
PE_630                 ZeroWireload      tcbn28hpcplusbwp30p140ffg0p99v0c_ccs
PE_631                 ZeroWireload      tcbn28hpcplusbwp30p140ffg0p99v0c_ccs
PE_632                 ZeroWireload      tcbn28hpcplusbwp30p140ffg0p99v0c_ccs
PE_633                 ZeroWireload      tcbn28hpcplusbwp30p140ffg0p99v0c_ccs
PE_634                 ZeroWireload      tcbn28hpcplusbwp30p140ffg0p99v0c_ccs
PE_635                 ZeroWireload      tcbn28hpcplusbwp30p140ffg0p99v0c_ccs
PE_636                 ZeroWireload      tcbn28hpcplusbwp30p140ffg0p99v0c_ccs
PE_637                 ZeroWireload      tcbn28hpcplusbwp30p140ffg0p99v0c_ccs
PE_638                 ZeroWireload      tcbn28hpcplusbwp30p140ffg0p99v0c_ccs
PE_639                 ZeroWireload      tcbn28hpcplusbwp30p140ffg0p99v0c_ccs
PE_640                 ZeroWireload      tcbn28hpcplusbwp30p140ffg0p99v0c_ccs
PE_641                 ZeroWireload      tcbn28hpcplusbwp30p140ffg0p99v0c_ccs
PE_642                 ZeroWireload      tcbn28hpcplusbwp30p140ffg0p99v0c_ccs
PE_643                 ZeroWireload      tcbn28hpcplusbwp30p140ffg0p99v0c_ccs
PE_645                 ZeroWireload      tcbn28hpcplusbwp30p140ffg0p99v0c_ccs
PE_646                 ZeroWireload      tcbn28hpcplusbwp30p140ffg0p99v0c_ccs
PE_647                 ZeroWireload      tcbn28hpcplusbwp30p140ffg0p99v0c_ccs
PE_648                 ZeroWireload      tcbn28hpcplusbwp30p140ffg0p99v0c_ccs
PE_649                 ZeroWireload      tcbn28hpcplusbwp30p140ffg0p99v0c_ccs
PE_650                 ZeroWireload      tcbn28hpcplusbwp30p140ffg0p99v0c_ccs
PE_651                 ZeroWireload      tcbn28hpcplusbwp30p140ffg0p99v0c_ccs
PE_652                 ZeroWireload      tcbn28hpcplusbwp30p140ffg0p99v0c_ccs
PE_653                 ZeroWireload      tcbn28hpcplusbwp30p140ffg0p99v0c_ccs
PE_654                 ZeroWireload      tcbn28hpcplusbwp30p140ffg0p99v0c_ccs
PE_655                 ZeroWireload      tcbn28hpcplusbwp30p140ffg0p99v0c_ccs
PE_656                 ZeroWireload      tcbn28hpcplusbwp30p140ffg0p99v0c_ccs
PE_657                 ZeroWireload      tcbn28hpcplusbwp30p140ffg0p99v0c_ccs
PE_658                 ZeroWireload      tcbn28hpcplusbwp30p140ffg0p99v0c_ccs
PE_659                 ZeroWireload      tcbn28hpcplusbwp30p140ffg0p99v0c_ccs
PE_660                 ZeroWireload      tcbn28hpcplusbwp30p140ffg0p99v0c_ccs
PE_661                 ZeroWireload      tcbn28hpcplusbwp30p140ffg0p99v0c_ccs
PE_662                 ZeroWireload      tcbn28hpcplusbwp30p140ffg0p99v0c_ccs
PE_663                 ZeroWireload      tcbn28hpcplusbwp30p140ffg0p99v0c_ccs
PE_664                 ZeroWireload      tcbn28hpcplusbwp30p140ffg0p99v0c_ccs
PE_665                 ZeroWireload      tcbn28hpcplusbwp30p140ffg0p99v0c_ccs
PE_666                 ZeroWireload      tcbn28hpcplusbwp30p140ffg0p99v0c_ccs
PE_667                 ZeroWireload      tcbn28hpcplusbwp30p140ffg0p99v0c_ccs
PE_668                 ZeroWireload      tcbn28hpcplusbwp30p140ffg0p99v0c_ccs
PE_669                 ZeroWireload      tcbn28hpcplusbwp30p140ffg0p99v0c_ccs
PE_670                 ZeroWireload      tcbn28hpcplusbwp30p140ffg0p99v0c_ccs
PE_671                 ZeroWireload      tcbn28hpcplusbwp30p140ffg0p99v0c_ccs
PE_673                 ZeroWireload      tcbn28hpcplusbwp30p140ffg0p99v0c_ccs
PE_674                 ZeroWireload      tcbn28hpcplusbwp30p140ffg0p99v0c_ccs
PE_675                 ZeroWireload      tcbn28hpcplusbwp30p140ffg0p99v0c_ccs
PE_676                 ZeroWireload      tcbn28hpcplusbwp30p140ffg0p99v0c_ccs
PE_677                 ZeroWireload      tcbn28hpcplusbwp30p140ffg0p99v0c_ccs
PE_678                 ZeroWireload      tcbn28hpcplusbwp30p140ffg0p99v0c_ccs
PE_679                 ZeroWireload      tcbn28hpcplusbwp30p140ffg0p99v0c_ccs
PE_680                 ZeroWireload      tcbn28hpcplusbwp30p140ffg0p99v0c_ccs
PE_681                 ZeroWireload      tcbn28hpcplusbwp30p140ffg0p99v0c_ccs
PE_682                 ZeroWireload      tcbn28hpcplusbwp30p140ffg0p99v0c_ccs
PE_683                 ZeroWireload      tcbn28hpcplusbwp30p140ffg0p99v0c_ccs
PE_684                 ZeroWireload      tcbn28hpcplusbwp30p140ffg0p99v0c_ccs
PE_685                 ZeroWireload      tcbn28hpcplusbwp30p140ffg0p99v0c_ccs
PE_686                 ZeroWireload      tcbn28hpcplusbwp30p140ffg0p99v0c_ccs
PE_687                 ZeroWireload      tcbn28hpcplusbwp30p140ffg0p99v0c_ccs
PE_688                 ZeroWireload      tcbn28hpcplusbwp30p140ffg0p99v0c_ccs
PE_689                 ZeroWireload      tcbn28hpcplusbwp30p140ffg0p99v0c_ccs
PE_690                 ZeroWireload      tcbn28hpcplusbwp30p140ffg0p99v0c_ccs
PE_691                 ZeroWireload      tcbn28hpcplusbwp30p140ffg0p99v0c_ccs
PE_692                 ZeroWireload      tcbn28hpcplusbwp30p140ffg0p99v0c_ccs
PE_693                 ZeroWireload      tcbn28hpcplusbwp30p140ffg0p99v0c_ccs
PE_694                 ZeroWireload      tcbn28hpcplusbwp30p140ffg0p99v0c_ccs
PE_695                 ZeroWireload      tcbn28hpcplusbwp30p140ffg0p99v0c_ccs
PE_696                 ZeroWireload      tcbn28hpcplusbwp30p140ffg0p99v0c_ccs
PE_697                 ZeroWireload      tcbn28hpcplusbwp30p140ffg0p99v0c_ccs
PE_698                 ZeroWireload      tcbn28hpcplusbwp30p140ffg0p99v0c_ccs
PE_699                 ZeroWireload      tcbn28hpcplusbwp30p140ffg0p99v0c_ccs
PE_701                 ZeroWireload      tcbn28hpcplusbwp30p140ffg0p99v0c_ccs
PE_702                 ZeroWireload      tcbn28hpcplusbwp30p140ffg0p99v0c_ccs
PE_703                 ZeroWireload      tcbn28hpcplusbwp30p140ffg0p99v0c_ccs
PE_704                 ZeroWireload      tcbn28hpcplusbwp30p140ffg0p99v0c_ccs
PE_705                 ZeroWireload      tcbn28hpcplusbwp30p140ffg0p99v0c_ccs
PE_706                 ZeroWireload      tcbn28hpcplusbwp30p140ffg0p99v0c_ccs
PE_707                 ZeroWireload      tcbn28hpcplusbwp30p140ffg0p99v0c_ccs
PE_708                 ZeroWireload      tcbn28hpcplusbwp30p140ffg0p99v0c_ccs
PE_709                 ZeroWireload      tcbn28hpcplusbwp30p140ffg0p99v0c_ccs
PE_710                 ZeroWireload      tcbn28hpcplusbwp30p140ffg0p99v0c_ccs
PE_711                 ZeroWireload      tcbn28hpcplusbwp30p140ffg0p99v0c_ccs
PE_712                 ZeroWireload      tcbn28hpcplusbwp30p140ffg0p99v0c_ccs
PE_713                 ZeroWireload      tcbn28hpcplusbwp30p140ffg0p99v0c_ccs
PE_714                 ZeroWireload      tcbn28hpcplusbwp30p140ffg0p99v0c_ccs
PE_715                 ZeroWireload      tcbn28hpcplusbwp30p140ffg0p99v0c_ccs
PE_716                 ZeroWireload      tcbn28hpcplusbwp30p140ffg0p99v0c_ccs
PE_717                 ZeroWireload      tcbn28hpcplusbwp30p140ffg0p99v0c_ccs
PE_718                 ZeroWireload      tcbn28hpcplusbwp30p140ffg0p99v0c_ccs
PE_719                 ZeroWireload      tcbn28hpcplusbwp30p140ffg0p99v0c_ccs
PE_720                 ZeroWireload      tcbn28hpcplusbwp30p140ffg0p99v0c_ccs
PE_721                 ZeroWireload      tcbn28hpcplusbwp30p140ffg0p99v0c_ccs
PE_722                 ZeroWireload      tcbn28hpcplusbwp30p140ffg0p99v0c_ccs
PE_723                 ZeroWireload      tcbn28hpcplusbwp30p140ffg0p99v0c_ccs
PE_724                 ZeroWireload      tcbn28hpcplusbwp30p140ffg0p99v0c_ccs
PE_725                 ZeroWireload      tcbn28hpcplusbwp30p140ffg0p99v0c_ccs
PE_726                 ZeroWireload      tcbn28hpcplusbwp30p140ffg0p99v0c_ccs
PE_727                 ZeroWireload      tcbn28hpcplusbwp30p140ffg0p99v0c_ccs
PE_729                 ZeroWireload      tcbn28hpcplusbwp30p140ffg0p99v0c_ccs
PE_730                 ZeroWireload      tcbn28hpcplusbwp30p140ffg0p99v0c_ccs
PE_731                 ZeroWireload      tcbn28hpcplusbwp30p140ffg0p99v0c_ccs
PE_732                 ZeroWireload      tcbn28hpcplusbwp30p140ffg0p99v0c_ccs
PE_733                 ZeroWireload      tcbn28hpcplusbwp30p140ffg0p99v0c_ccs
PE_734                 ZeroWireload      tcbn28hpcplusbwp30p140ffg0p99v0c_ccs
PE_735                 ZeroWireload      tcbn28hpcplusbwp30p140ffg0p99v0c_ccs
PE_736                 ZeroWireload      tcbn28hpcplusbwp30p140ffg0p99v0c_ccs
PE_737                 ZeroWireload      tcbn28hpcplusbwp30p140ffg0p99v0c_ccs
PE_738                 ZeroWireload      tcbn28hpcplusbwp30p140ffg0p99v0c_ccs
PE_739                 ZeroWireload      tcbn28hpcplusbwp30p140ffg0p99v0c_ccs
PE_740                 ZeroWireload      tcbn28hpcplusbwp30p140ffg0p99v0c_ccs
PE_741                 ZeroWireload      tcbn28hpcplusbwp30p140ffg0p99v0c_ccs
PE_742                 ZeroWireload      tcbn28hpcplusbwp30p140ffg0p99v0c_ccs
PE_743                 ZeroWireload      tcbn28hpcplusbwp30p140ffg0p99v0c_ccs
PE_744                 ZeroWireload      tcbn28hpcplusbwp30p140ffg0p99v0c_ccs
PE_745                 ZeroWireload      tcbn28hpcplusbwp30p140ffg0p99v0c_ccs
PE_746                 ZeroWireload      tcbn28hpcplusbwp30p140ffg0p99v0c_ccs
PE_747                 ZeroWireload      tcbn28hpcplusbwp30p140ffg0p99v0c_ccs
PE_748                 ZeroWireload      tcbn28hpcplusbwp30p140ffg0p99v0c_ccs
PE_749                 ZeroWireload      tcbn28hpcplusbwp30p140ffg0p99v0c_ccs
PE_750                 ZeroWireload      tcbn28hpcplusbwp30p140ffg0p99v0c_ccs
PE_751                 ZeroWireload      tcbn28hpcplusbwp30p140ffg0p99v0c_ccs
PE_752                 ZeroWireload      tcbn28hpcplusbwp30p140ffg0p99v0c_ccs
PE_753                 ZeroWireload      tcbn28hpcplusbwp30p140ffg0p99v0c_ccs
PE_754                 ZeroWireload      tcbn28hpcplusbwp30p140ffg0p99v0c_ccs
PE_755                 ZeroWireload      tcbn28hpcplusbwp30p140ffg0p99v0c_ccs
PE_757                 ZeroWireload      tcbn28hpcplusbwp30p140ffg0p99v0c_ccs
PE_758                 ZeroWireload      tcbn28hpcplusbwp30p140ffg0p99v0c_ccs
PE_759                 ZeroWireload      tcbn28hpcplusbwp30p140ffg0p99v0c_ccs
PE_760                 ZeroWireload      tcbn28hpcplusbwp30p140ffg0p99v0c_ccs
PE_761                 ZeroWireload      tcbn28hpcplusbwp30p140ffg0p99v0c_ccs
PE_762                 ZeroWireload      tcbn28hpcplusbwp30p140ffg0p99v0c_ccs
PE_763                 ZeroWireload      tcbn28hpcplusbwp30p140ffg0p99v0c_ccs
PE_764                 ZeroWireload      tcbn28hpcplusbwp30p140ffg0p99v0c_ccs
PE_765                 ZeroWireload      tcbn28hpcplusbwp30p140ffg0p99v0c_ccs
PE_766                 ZeroWireload      tcbn28hpcplusbwp30p140ffg0p99v0c_ccs
PE_767                 ZeroWireload      tcbn28hpcplusbwp30p140ffg0p99v0c_ccs
PE_768                 ZeroWireload      tcbn28hpcplusbwp30p140ffg0p99v0c_ccs
PE_769                 ZeroWireload      tcbn28hpcplusbwp30p140ffg0p99v0c_ccs
PE_770                 ZeroWireload      tcbn28hpcplusbwp30p140ffg0p99v0c_ccs
PE_771                 ZeroWireload      tcbn28hpcplusbwp30p140ffg0p99v0c_ccs
PE_772                 ZeroWireload      tcbn28hpcplusbwp30p140ffg0p99v0c_ccs
PE_773                 ZeroWireload      tcbn28hpcplusbwp30p140ffg0p99v0c_ccs
PE_774                 ZeroWireload      tcbn28hpcplusbwp30p140ffg0p99v0c_ccs
PE_775                 ZeroWireload      tcbn28hpcplusbwp30p140ffg0p99v0c_ccs
PE_776                 ZeroWireload      tcbn28hpcplusbwp30p140ffg0p99v0c_ccs
PE_777                 ZeroWireload      tcbn28hpcplusbwp30p140ffg0p99v0c_ccs
PE_778                 ZeroWireload      tcbn28hpcplusbwp30p140ffg0p99v0c_ccs
PE_779                 ZeroWireload      tcbn28hpcplusbwp30p140ffg0p99v0c_ccs
PE_780                 ZeroWireload      tcbn28hpcplusbwp30p140ffg0p99v0c_ccs
PE_781                 ZeroWireload      tcbn28hpcplusbwp30p140ffg0p99v0c_ccs
PE_782                 ZeroWireload      tcbn28hpcplusbwp30p140ffg0p99v0c_ccs
PE_0                   ZeroWireload      tcbn28hpcplusbwp30p140ffg0p99v0c_ccs
PE_28                  ZeroWireload      tcbn28hpcplusbwp30p140ffg0p99v0c_ccs
PE_56                  ZeroWireload      tcbn28hpcplusbwp30p140ffg0p99v0c_ccs
PE_84                  ZeroWireload      tcbn28hpcplusbwp30p140ffg0p99v0c_ccs
PE_112                 ZeroWireload      tcbn28hpcplusbwp30p140ffg0p99v0c_ccs
PE_140                 ZeroWireload      tcbn28hpcplusbwp30p140ffg0p99v0c_ccs
PE_168                 ZeroWireload      tcbn28hpcplusbwp30p140ffg0p99v0c_ccs
PE_196                 ZeroWireload      tcbn28hpcplusbwp30p140ffg0p99v0c_ccs
PE_224                 ZeroWireload      tcbn28hpcplusbwp30p140ffg0p99v0c_ccs
PE_252                 ZeroWireload      tcbn28hpcplusbwp30p140ffg0p99v0c_ccs
PE_280                 ZeroWireload      tcbn28hpcplusbwp30p140ffg0p99v0c_ccs
PE_308                 ZeroWireload      tcbn28hpcplusbwp30p140ffg0p99v0c_ccs
PE_336                 ZeroWireload      tcbn28hpcplusbwp30p140ffg0p99v0c_ccs
PE_364                 ZeroWireload      tcbn28hpcplusbwp30p140ffg0p99v0c_ccs
PE_392                 ZeroWireload      tcbn28hpcplusbwp30p140ffg0p99v0c_ccs
PE_420                 ZeroWireload      tcbn28hpcplusbwp30p140ffg0p99v0c_ccs
PE_448                 ZeroWireload      tcbn28hpcplusbwp30p140ffg0p99v0c_ccs
PE_476                 ZeroWireload      tcbn28hpcplusbwp30p140ffg0p99v0c_ccs
PE_504                 ZeroWireload      tcbn28hpcplusbwp30p140ffg0p99v0c_ccs
PE_532                 ZeroWireload      tcbn28hpcplusbwp30p140ffg0p99v0c_ccs
PE_560                 ZeroWireload      tcbn28hpcplusbwp30p140ffg0p99v0c_ccs
PE_588                 ZeroWireload      tcbn28hpcplusbwp30p140ffg0p99v0c_ccs
PE_616                 ZeroWireload      tcbn28hpcplusbwp30p140ffg0p99v0c_ccs
PE_644                 ZeroWireload      tcbn28hpcplusbwp30p140ffg0p99v0c_ccs
PE_672                 ZeroWireload      tcbn28hpcplusbwp30p140ffg0p99v0c_ccs
PE_700                 ZeroWireload      tcbn28hpcplusbwp30p140ffg0p99v0c_ccs
PE_728                 ZeroWireload      tcbn28hpcplusbwp30p140ffg0p99v0c_ccs


Global Operating Voltage = 0.99 
Power-specific unit information :
    Voltage Units = 1V
    Capacitance Units = 1.000000pf
    Time Units = 1ns
    Dynamic Power Units = 1mW    (derived from V,C,T units)
    Leakage Power Units = 1nW


--------------------------------------------------------------------------------
                                       Switch   Int      Leak     Total
Hierarchy                              Power    Power    Power    Power    %
--------------------------------------------------------------------------------
SystolicArray                             9.142  100.736 2.97e+06  112.849 100.0
  pes_27_27 (PE_0)                     1.49e-03 8.88e-02 3.52e+03 9.38e-02   0.1
  pes_26_27 (PE_1)                     2.67e-03    0.120 3.83e+03    0.127   0.1
  pes_25_27 (PE_2)                     2.70e-03    0.119 3.79e+03    0.125   0.1
  pes_24_27 (PE_3)                     2.67e-03    0.120 3.80e+03    0.127   0.1
  pes_23_27 (PE_4)                     2.70e-03    0.119 3.74e+03    0.126   0.1
  pes_22_27 (PE_5)                     2.97e-03    0.120 3.77e+03    0.127   0.1
  pes_21_27 (PE_6)                     2.88e-03    0.119 3.68e+03    0.126   0.1
  pes_20_27 (PE_7)                     3.02e-03    0.120 3.78e+03    0.127   0.1
  pes_19_27 (PE_8)                     3.37e-03    0.119 3.81e+03    0.127   0.1
  pes_18_27 (PE_9)                     3.51e-03    0.120 3.77e+03    0.127   0.1
  pes_17_27 (PE_10)                    3.53e-03    0.120 3.80e+03    0.128   0.1
  pes_16_27 (PE_11)                    3.58e-03    0.121 3.75e+03    0.128   0.1
  pes_15_27 (PE_12)                    3.78e-03    0.120 3.78e+03    0.128   0.1
  pes_14_27 (PE_13)                    4.18e-03    0.122 3.77e+03    0.130   0.1
  pes_13_27 (PE_14)                    4.47e-03    0.122 3.81e+03    0.130   0.1
  pes_12_27 (PE_15)                    4.88e-03    0.123 3.78e+03    0.131   0.1
  pes_11_27 (PE_16)                    5.67e-03    0.123 3.74e+03    0.132   0.1
  pes_10_27 (PE_17)                    6.14e-03    0.124 3.77e+03    0.133   0.1
  pes_9_27 (PE_18)                     7.16e-03    0.124 3.82e+03    0.135   0.1
  pes_8_27 (PE_19)                     8.45e-03    0.126 3.81e+03    0.139   0.1
  pes_7_27 (PE_20)                     9.58e-03    0.127 3.74e+03    0.141   0.1
  pes_6_27 (PE_21)                     1.13e-02    0.131 3.79e+03    0.146   0.1
  pes_5_27 (PE_22)                     1.34e-02    0.131 3.72e+03    0.149   0.1
  pes_4_27 (PE_23)                     1.63e-02    0.137 3.80e+03    0.157   0.1
  pes_3_27 (PE_24)                     1.98e-02    0.139 3.83e+03    0.163   0.1
  pes_2_27 (PE_25)                     2.43e-02    0.145 3.79e+03    0.173   0.2
  pes_1_27 (PE_26)                     3.05e-02    0.151 3.80e+03    0.185   0.2
  pes_0_27 (PE_27)                     4.05e-02    0.163 3.76e+03    0.208   0.2
  pes_27_26 (PE_28)                    1.49e-03 8.88e-02 3.60e+03 9.39e-02   0.1
  pes_26_26 (PE_29)                    2.60e-03    0.119 3.86e+03    0.126   0.1
  pes_25_26 (PE_30)                    2.66e-03    0.119 3.78e+03    0.126   0.1
  pes_24_26 (PE_31)                    2.68e-03    0.119 3.72e+03    0.125   0.1
  pes_23_26 (PE_32)                    2.76e-03    0.120 3.77e+03    0.127   0.1
  pes_22_26 (PE_33)                    2.74e-03    0.119 3.68e+03    0.125   0.1
  pes_21_26 (PE_34)                    2.96e-03    0.122 3.79e+03    0.128   0.1
  pes_20_26 (PE_35)                    3.04e-03    0.120 3.74e+03    0.127   0.1
  pes_19_26 (PE_36)                    3.09e-03    0.120 3.77e+03    0.127   0.1
  pes_18_26 (PE_37)                    3.28e-03    0.120 3.77e+03    0.127   0.1
  pes_17_26 (PE_38)                    3.31e-03    0.120 3.79e+03    0.127   0.1
  pes_16_26 (PE_39)                    3.47e-03    0.120 3.78e+03    0.128   0.1
  pes_15_26 (PE_40)                    3.62e-03    0.120 3.77e+03    0.127   0.1
  pes_14_26 (PE_41)                    4.05e-03    0.120 3.85e+03    0.128   0.1
  pes_13_26 (PE_42)                    4.35e-03    0.122 3.75e+03    0.130   0.1
  pes_12_26 (PE_43)                    4.76e-03    0.121 3.75e+03    0.130   0.1
  pes_11_26 (PE_44)                    5.37e-03    0.123 3.76e+03    0.132   0.1
  pes_10_26 (PE_45)                    6.23e-03    0.124 3.76e+03    0.134   0.1
  pes_9_26 (PE_46)                     7.34e-03    0.124 3.74e+03    0.135   0.1
  pes_8_26 (PE_47)                     8.37e-03    0.127 3.77e+03    0.139   0.1
  pes_7_26 (PE_48)                     9.89e-03    0.128 3.79e+03    0.142   0.1
  pes_6_26 (PE_49)                     1.14e-02    0.129 3.71e+03    0.144   0.1
  pes_5_26 (PE_50)                     1.38e-02    0.132 3.79e+03    0.150   0.1
  pes_4_26 (PE_51)                     1.63e-02    0.134 3.82e+03    0.155   0.1
  pes_3_26 (PE_52)                     1.98e-02    0.139 3.77e+03    0.162   0.1
  pes_2_26 (PE_53)                     2.45e-02    0.144 3.81e+03    0.172   0.2
  pes_1_26 (PE_54)                     2.97e-02    0.150 3.79e+03    0.183   0.2
  pes_0_26 (PE_55)                     3.92e-02    0.162 3.74e+03    0.205   0.2
  pes_27_25 (PE_56)                    1.46e-03 8.87e-02 3.55e+03 9.38e-02   0.1
  pes_26_25 (PE_57)                    2.55e-03    0.120 3.74e+03    0.126   0.1
  pes_25_25 (PE_58)                    2.82e-03    0.119 3.76e+03    0.125   0.1
  pes_24_25 (PE_59)                    2.64e-03    0.120 3.79e+03    0.126   0.1
  pes_23_25 (PE_60)                    2.59e-03    0.120 3.77e+03    0.126   0.1
  pes_22_25 (PE_61)                    2.63e-03    0.119 3.74e+03    0.125   0.1
  pes_21_25 (PE_62)                    2.63e-03    0.119 3.79e+03    0.126   0.1
  pes_20_25 (PE_63)                    2.77e-03    0.120 3.73e+03    0.126   0.1
  pes_19_25 (PE_64)                    2.77e-03    0.120 3.78e+03    0.126   0.1
  pes_18_25 (PE_65)                    2.94e-03    0.120 3.78e+03    0.126   0.1
  pes_17_25 (PE_66)                    3.12e-03    0.119 3.73e+03    0.126   0.1
  pes_16_25 (PE_67)                    3.34e-03    0.120 3.80e+03    0.127   0.1
  pes_15_25 (PE_68)                    3.63e-03    0.120 3.77e+03    0.127   0.1
  pes_14_25 (PE_69)                    4.06e-03    0.122 3.79e+03    0.129   0.1
  pes_13_25 (PE_70)                    4.42e-03    0.122 3.74e+03    0.130   0.1
  pes_12_25 (PE_71)                    4.88e-03    0.123 3.83e+03    0.131   0.1
  pes_11_25 (PE_72)                    5.46e-03    0.122 3.76e+03    0.132   0.1
  pes_10_25 (PE_73)                    6.16e-03    0.123 3.72e+03    0.133   0.1
  pes_9_25 (PE_74)                     7.26e-03    0.125 3.74e+03    0.136   0.1
  pes_8_25 (PE_75)                     8.38e-03    0.127 3.72e+03    0.139   0.1
  pes_7_25 (PE_76)                     9.90e-03    0.128 3.79e+03    0.142   0.1
  pes_6_25 (PE_77)                     1.18e-02    0.130 3.83e+03    0.146   0.1
  pes_5_25 (PE_78)                     1.41e-02    0.133 3.74e+03    0.151   0.1
  pes_4_25 (PE_79)                     1.68e-02    0.136 3.75e+03    0.156   0.1
  pes_3_25 (PE_80)                     2.06e-02    0.140 3.79e+03    0.165   0.1
  pes_2_25 (PE_81)                     2.51e-02    0.144 3.81e+03    0.173   0.2
  pes_1_25 (PE_82)                     3.08e-02    0.150 3.75e+03    0.185   0.2
  pes_0_25 (PE_83)                     4.05e-02    0.166 3.77e+03    0.210   0.2
  pes_27_24 (PE_84)                    1.52e-03 8.88e-02 3.60e+03 9.39e-02   0.1
  pes_26_24 (PE_85)                    2.66e-03    0.119 3.69e+03    0.126   0.1
  pes_25_24 (PE_86)                    2.72e-03    0.119 3.74e+03    0.126   0.1
  pes_24_24 (PE_87)                    2.81e-03    0.120 3.80e+03    0.127   0.1
  pes_23_24 (PE_88)                    2.85e-03    0.120 3.75e+03    0.126   0.1
  pes_22_24 (PE_89)                    2.96e-03    0.120 3.72e+03    0.126   0.1
  pes_21_24 (PE_90)                    2.96e-03    0.120 3.73e+03    0.126   0.1
  pes_20_24 (PE_91)                    3.05e-03    0.120 3.77e+03    0.127   0.1
  pes_19_24 (PE_92)                    3.08e-03    0.121 3.81e+03    0.127   0.1
  pes_18_24 (PE_93)                    3.27e-03    0.119 3.74e+03    0.126   0.1
  pes_17_24 (PE_94)                    3.36e-03    0.121 3.78e+03    0.128   0.1
  pes_16_24 (PE_95)                    3.41e-03    0.120 3.74e+03    0.127   0.1
  pes_15_24 (PE_96)                    3.57e-03    0.120 3.79e+03    0.128   0.1
  pes_14_24 (PE_97)                    4.01e-03    0.122 3.82e+03    0.129   0.1
  pes_13_24 (PE_98)                    4.29e-03    0.121 3.72e+03    0.129   0.1
  pes_12_24 (PE_99)                    5.08e-03    0.123 3.80e+03    0.132   0.1
  pes_11_24 (PE_100)                   5.60e-03    0.123 3.74e+03    0.133   0.1
  pes_10_24 (PE_101)                   6.08e-03    0.124 3.74e+03    0.134   0.1
  pes_9_24 (PE_102)                    6.90e-03    0.125 3.77e+03    0.136   0.1
  pes_8_24 (PE_103)                    8.29e-03    0.126 3.76e+03    0.138   0.1
  pes_7_24 (PE_104)                    9.53e-03    0.128 3.75e+03    0.141   0.1
  pes_6_24 (PE_105)                    1.17e-02    0.129 3.79e+03    0.145   0.1
  pes_5_24 (PE_106)                    1.35e-02    0.131 3.71e+03    0.148   0.1
  pes_4_24 (PE_107)                    1.66e-02    0.136 3.80e+03    0.156   0.1
  pes_3_24 (PE_108)                    2.08e-02    0.140 3.84e+03    0.164   0.1
  pes_2_24 (PE_109)                    2.51e-02    0.145 3.81e+03    0.174   0.2
  pes_1_24 (PE_110)                    2.99e-02    0.149 3.72e+03    0.183   0.2
  pes_0_24 (PE_111)                    4.04e-02    0.163 3.77e+03    0.207   0.2
  pes_27_23 (PE_112)                   1.51e-03 8.88e-02 3.54e+03 9.38e-02   0.1
  pes_26_23 (PE_113)                   2.89e-03    0.119 3.70e+03    0.126   0.1
  pes_25_23 (PE_114)                   2.79e-03    0.119 3.79e+03    0.126   0.1
  pes_24_23 (PE_115)                   2.75e-03    0.119 3.81e+03    0.126   0.1
  pes_23_23 (PE_116)                   2.77e-03    0.119 3.77e+03    0.125   0.1
  pes_22_23 (PE_117)                   2.78e-03    0.120 3.71e+03    0.127   0.1
  pes_21_23 (PE_118)                   2.96e-03    0.120 3.73e+03    0.127   0.1
  pes_20_23 (PE_119)                   2.96e-03    0.120 3.80e+03    0.126   0.1
  pes_19_23 (PE_120)                   3.06e-03    0.119 3.71e+03    0.126   0.1
  pes_18_23 (PE_121)                   3.29e-03    0.121 3.82e+03    0.128   0.1
  pes_17_23 (PE_122)                   3.45e-03    0.120 3.81e+03    0.127   0.1
  pes_16_23 (PE_123)                   3.73e-03    0.120 3.76e+03    0.127   0.1
  pes_15_23 (PE_124)                   3.78e-03    0.121 3.77e+03    0.128   0.1
  pes_14_23 (PE_125)                   4.27e-03    0.122 3.78e+03    0.130   0.1
  pes_13_23 (PE_126)                   4.52e-03    0.122 3.81e+03    0.130   0.1
  pes_12_23 (PE_127)                   4.90e-03    0.121 3.73e+03    0.130   0.1
  pes_11_23 (PE_128)                   5.38e-03    0.123 3.75e+03    0.132   0.1
  pes_10_23 (PE_129)                   6.11e-03    0.123 3.74e+03    0.133   0.1
  pes_9_23 (PE_130)                    6.94e-03    0.125 3.76e+03    0.136   0.1
  pes_8_23 (PE_131)                    8.32e-03    0.127 3.76e+03    0.139   0.1
  pes_7_23 (PE_132)                    9.60e-03    0.127 3.78e+03    0.140   0.1
  pes_6_23 (PE_133)                    1.15e-02    0.129 3.78e+03    0.144   0.1
  pes_5_23 (PE_134)                    1.37e-02    0.131 3.80e+03    0.149   0.1
  pes_4_23 (PE_135)                    1.64e-02    0.136 3.83e+03    0.156   0.1
  pes_3_23 (PE_136)                    2.00e-02    0.138 3.76e+03    0.162   0.1
  pes_2_23 (PE_137)                    2.52e-02    0.144 3.81e+03    0.173   0.2
  pes_1_23 (PE_138)                    3.09e-02    0.150 3.78e+03    0.185   0.2
  pes_0_23 (PE_139)                    4.16e-02    0.164 3.78e+03    0.209   0.2
  pes_27_22 (PE_140)                   1.54e-03 8.89e-02 3.53e+03 9.39e-02   0.1
  pes_26_22 (PE_141)                   2.66e-03    0.119 3.71e+03    0.125   0.1
  pes_25_22 (PE_142)                   2.76e-03    0.120 3.79e+03    0.126   0.1
  pes_24_22 (PE_143)                   2.88e-03    0.120 3.78e+03    0.126   0.1
  pes_23_22 (PE_144)                   3.19e-03    0.119 3.77e+03    0.126   0.1
  pes_22_22 (PE_145)                   2.94e-03    0.119 3.78e+03    0.126   0.1
  pes_21_22 (PE_146)                   3.03e-03    0.120 3.77e+03    0.127   0.1
  pes_20_22 (PE_147)                   3.16e-03    0.120 3.71e+03    0.127   0.1
  pes_19_22 (PE_148)                   3.36e-03    0.121 3.78e+03    0.128   0.1
  pes_18_22 (PE_149)                   3.59e-03    0.121 3.76e+03    0.128   0.1
  pes_17_22 (PE_150)                   3.71e-03    0.121 3.74e+03    0.129   0.1
  pes_16_22 (PE_151)                   3.93e-03    0.121 3.75e+03    0.129   0.1
  pes_15_22 (PE_152)                   4.05e-03    0.121 3.82e+03    0.129   0.1
  pes_14_22 (PE_153)                   4.31e-03    0.121 3.79e+03    0.129   0.1
  pes_13_22 (PE_154)                   4.61e-03    0.122 3.77e+03    0.131   0.1
  pes_12_22 (PE_155)                   5.16e-03    0.123 3.77e+03    0.132   0.1
  pes_11_22 (PE_156)                   5.85e-03    0.122 3.79e+03    0.132   0.1
  pes_10_22 (PE_157)                   6.67e-03    0.123 3.76e+03    0.134   0.1
  pes_9_22 (PE_158)                    7.20e-03    0.125 3.76e+03    0.136   0.1
  pes_8_22 (PE_159)                    8.53e-03    0.125 3.81e+03    0.138   0.1
  pes_7_22 (PE_160)                    1.00e-02    0.129 3.81e+03    0.142   0.1
  pes_6_22 (PE_161)                    1.20e-02    0.130 3.78e+03    0.146   0.1
  pes_5_22 (PE_162)                    1.39e-02    0.131 3.78e+03    0.149   0.1
  pes_4_22 (PE_163)                    1.66e-02    0.135 3.73e+03    0.155   0.1
  pes_3_22 (PE_164)                    2.01e-02    0.140 3.82e+03    0.164   0.1
  pes_2_22 (PE_165)                    2.47e-02    0.145 3.70e+03    0.173   0.2
  pes_1_22 (PE_166)                    3.08e-02    0.152 3.77e+03    0.186   0.2
  pes_0_22 (PE_167)                    4.05e-02    0.163 3.74e+03    0.208   0.2
  pes_27_21 (PE_168)                   1.54e-03 8.88e-02 3.55e+03 9.39e-02   0.1
  pes_26_21 (PE_169)                   2.69e-03    0.121 3.78e+03    0.127   0.1
  pes_25_21 (PE_170)                   2.72e-03    0.120 3.81e+03    0.127   0.1
  pes_24_21 (PE_171)                   2.75e-03    0.119 3.72e+03    0.126   0.1
  pes_23_21 (PE_172)                   3.13e-03    0.120 3.79e+03    0.127   0.1
  pes_22_21 (PE_173)                   2.85e-03    0.120 3.77e+03    0.126   0.1
  pes_21_21 (PE_174)                   3.03e-03    0.120 3.79e+03    0.127   0.1
  pes_20_21 (PE_175)                   3.18e-03    0.120 3.76e+03    0.127   0.1
  pes_19_21 (PE_176)                   3.26e-03    0.121 3.80e+03    0.128   0.1
  pes_18_21 (PE_177)                   3.42e-03    0.121 3.82e+03    0.128   0.1
  pes_17_21 (PE_178)                   3.62e-03    0.120 3.82e+03    0.128   0.1
  pes_16_21 (PE_179)                   3.74e-03    0.120 3.75e+03    0.128   0.1
  pes_15_21 (PE_180)                   4.02e-03    0.121 3.85e+03    0.129   0.1
  pes_14_21 (PE_181)                   4.28e-03    0.121 3.82e+03    0.129   0.1
  pes_13_21 (PE_182)                   4.70e-03    0.123 3.86e+03    0.131   0.1
  pes_12_21 (PE_183)                   5.12e-03    0.121 3.76e+03    0.130   0.1
  pes_11_21 (PE_184)                   5.63e-03    0.123 3.82e+03    0.133   0.1
  pes_10_21 (PE_185)                   6.34e-03    0.124 3.75e+03    0.134   0.1
  pes_9_21 (PE_186)                    7.40e-03    0.124 3.81e+03    0.135   0.1
  pes_8_21 (PE_187)                    8.87e-03    0.126 3.83e+03    0.139   0.1
  pes_7_21 (PE_188)                    1.00e-02    0.127 3.79e+03    0.141   0.1
  pes_6_21 (PE_189)                    1.22e-02    0.130 3.88e+03    0.146   0.1
  pes_5_21 (PE_190)                    1.42e-02    0.133 3.80e+03    0.151   0.1
  pes_4_21 (PE_191)                    1.72e-02    0.136 3.82e+03    0.157   0.1
  pes_3_21 (PE_192)                    2.07e-02    0.140 3.80e+03    0.165   0.1
  pes_2_21 (PE_193)                    2.55e-02    0.147 3.86e+03    0.176   0.2
  pes_1_21 (PE_194)                    3.02e-02    0.151 3.77e+03    0.185   0.2
  pes_0_21 (PE_195)                    4.00e-02    0.164 3.74e+03    0.208   0.2
  pes_27_20 (PE_196)                   1.54e-03 8.89e-02 3.62e+03 9.40e-02   0.1
  pes_26_20 (PE_197)                   2.65e-03    0.119 3.73e+03    0.126   0.1
  pes_25_20 (PE_198)                   2.71e-03    0.119 3.79e+03    0.125   0.1
  pes_24_20 (PE_199)                   2.73e-03    0.119 3.83e+03    0.125   0.1
  pes_23_20 (PE_200)                   2.77e-03    0.119 3.80e+03    0.125   0.1
  pes_22_20 (PE_201)                   2.84e-03    0.120 3.81e+03    0.127   0.1
  pes_21_20 (PE_202)                   2.94e-03    0.119 3.83e+03    0.126   0.1
  pes_20_20 (PE_203)                   3.05e-03    0.120 3.81e+03    0.127   0.1
  pes_19_20 (PE_204)                   3.14e-03    0.119 3.84e+03    0.126   0.1
  pes_18_20 (PE_205)                   3.23e-03    0.119 3.76e+03    0.126   0.1
  pes_17_20 (PE_206)                   3.39e-03    0.120 3.81e+03    0.127   0.1
  pes_16_20 (PE_207)                   3.65e-03    0.120 3.81e+03    0.127   0.1
  pes_15_20 (PE_208)                   4.07e-03    0.120 3.87e+03    0.128   0.1
  pes_14_20 (PE_209)                   4.33e-03    0.121 3.75e+03    0.129   0.1
  pes_13_20 (PE_210)                   4.77e-03    0.122 3.80e+03    0.130   0.1
  pes_12_20 (PE_211)                   5.16e-03    0.122 3.77e+03    0.131   0.1
  pes_11_20 (PE_212)                   5.85e-03    0.122 3.80e+03    0.132   0.1
  pes_10_20 (PE_213)                   6.56e-03    0.124 3.77e+03    0.135   0.1
  pes_9_20 (PE_214)                    7.26e-03    0.124 3.75e+03    0.135   0.1
  pes_8_20 (PE_215)                    8.84e-03    0.127 3.87e+03    0.140   0.1
  pes_7_20 (PE_216)                    9.95e-03    0.127 3.75e+03    0.141   0.1
  pes_6_20 (PE_217)                    1.15e-02    0.130 3.86e+03    0.145   0.1
  pes_5_20 (PE_218)                    1.40e-02    0.132 3.80e+03    0.150   0.1
  pes_4_20 (PE_219)                    1.68e-02    0.135 3.77e+03    0.155   0.1
  pes_3_20 (PE_220)                    2.02e-02    0.139 3.81e+03    0.163   0.1
  pes_2_20 (PE_221)                    2.48e-02    0.145 3.87e+03    0.174   0.2
  pes_1_20 (PE_222)                    3.04e-02    0.151 3.79e+03    0.185   0.2
  pes_0_20 (PE_223)                    4.09e-02    0.164 3.80e+03    0.208   0.2
  pes_27_19 (PE_224)                   1.60e-03 8.89e-02 3.55e+03 9.40e-02   0.1
  pes_26_19 (PE_225)                   2.72e-03    0.119 3.75e+03    0.125   0.1
  pes_25_19 (PE_226)                   2.74e-03    0.119 3.79e+03    0.125   0.1
  pes_24_19 (PE_227)                   2.78e-03    0.120 3.78e+03    0.127   0.1
  pes_23_19 (PE_228)                   2.82e-03    0.119 3.78e+03    0.126   0.1
  pes_22_19 (PE_229)                   2.91e-03    0.121 3.78e+03    0.127   0.1
  pes_21_19 (PE_230)                   3.00e-03    0.120 3.78e+03    0.127   0.1
  pes_20_19 (PE_231)                   3.11e-03    0.120 3.86e+03    0.127   0.1
  pes_19_19 (PE_232)                   3.24e-03    0.120 3.79e+03    0.127   0.1
  pes_18_19 (PE_233)                   3.37e-03    0.119 3.78e+03    0.127   0.1
  pes_17_19 (PE_234)                   3.54e-03    0.120 3.76e+03    0.128   0.1
  pes_16_19 (PE_235)                   3.82e-03    0.121 3.82e+03    0.128   0.1
  pes_15_19 (PE_236)                   3.96e-03    0.120 3.77e+03    0.128   0.1
  pes_14_19 (PE_237)                   4.23e-03    0.120 3.81e+03    0.128   0.1
  pes_13_19 (PE_238)                   4.50e-03    0.121 3.74e+03    0.129   0.1
  pes_12_19 (PE_239)                   4.99e-03    0.121 3.81e+03    0.130   0.1
  pes_11_19 (PE_240)                   5.55e-03    0.123 3.83e+03    0.133   0.1
  pes_10_19 (PE_241)                   6.31e-03    0.124 3.79e+03    0.134   0.1
  pes_9_19 (PE_242)                    7.18e-03    0.124 3.81e+03    0.135   0.1
  pes_8_19 (PE_243)                    8.41e-03    0.126 3.81e+03    0.138   0.1
  pes_7_19 (PE_244)                    9.76e-03    0.127 3.84e+03    0.140   0.1
  pes_6_19 (PE_245)                    1.17e-02    0.130 3.90e+03    0.146   0.1
  pes_5_19 (PE_246)                    1.38e-02    0.132 3.74e+03    0.149   0.1
  pes_4_19 (PE_247)                    1.69e-02    0.135 3.79e+03    0.156   0.1
  pes_3_19 (PE_248)                    2.10e-02    0.139 3.85e+03    0.164   0.1
  pes_2_19 (PE_249)                    2.51e-02    0.144 3.78e+03    0.173   0.2
  pes_1_19 (PE_250)                    3.14e-02    0.151 3.86e+03    0.186   0.2
  pes_0_19 (PE_251)                    4.06e-02    0.162 3.74e+03    0.206   0.2
  pes_27_18 (PE_252)                   1.54e-03 8.89e-02 3.57e+03 9.40e-02   0.1
  pes_26_18 (PE_253)                   2.64e-03    0.121 3.77e+03    0.128   0.1
  pes_25_18 (PE_254)                   2.72e-03    0.119 3.82e+03    0.125   0.1
  pes_24_18 (PE_255)                   2.77e-03    0.119 3.82e+03    0.126   0.1
  pes_23_18 (PE_256)                   2.80e-03    0.119 3.85e+03    0.125   0.1
  pes_22_18 (PE_257)                   2.86e-03    0.120 3.80e+03    0.127   0.1
  pes_21_18 (PE_258)                   2.92e-03    0.119 3.75e+03    0.126   0.1
  pes_20_18 (PE_259)                   3.04e-03    0.120 3.81e+03    0.127   0.1
  pes_19_18 (PE_260)                   3.13e-03    0.120 3.80e+03    0.127   0.1
  pes_18_18 (PE_261)                   3.18e-03    0.119 3.77e+03    0.126   0.1
  pes_17_18 (PE_262)                   3.55e-03    0.120 3.80e+03    0.128   0.1
  pes_16_18 (PE_263)                   3.62e-03    0.120 3.83e+03    0.127   0.1
  pes_15_18 (PE_264)                   3.79e-03    0.121 3.84e+03    0.128   0.1
  pes_14_18 (PE_265)                   4.03e-03    0.121 3.77e+03    0.129   0.1
  pes_13_18 (PE_266)                   4.59e-03    0.121 3.79e+03    0.129   0.1
  pes_12_18 (PE_267)                   5.01e-03    0.121 3.74e+03    0.130   0.1
  pes_11_18 (PE_268)                   5.77e-03    0.124 3.81e+03    0.134   0.1
  pes_10_18 (PE_269)                   6.56e-03    0.123 3.83e+03    0.133   0.1
  pes_9_18 (PE_270)                    7.21e-03    0.124 3.75e+03    0.135   0.1
  pes_8_18 (PE_271)                    8.45e-03    0.125 3.82e+03    0.138   0.1
  pes_7_18 (PE_272)                    1.01e-02    0.128 3.84e+03    0.142   0.1
  pes_6_18 (PE_273)                    1.20e-02    0.130 3.82e+03    0.145   0.1
  pes_5_18 (PE_274)                    1.43e-02    0.132 3.85e+03    0.150   0.1
  pes_4_18 (PE_275)                    1.73e-02    0.136 3.90e+03    0.157   0.1
  pes_3_18 (PE_276)                    2.02e-02    0.139 3.78e+03    0.163   0.1
  pes_2_18 (PE_277)                    2.52e-02    0.145 3.83e+03    0.174   0.2
  pes_1_18 (PE_278)                    3.02e-02    0.150 3.77e+03    0.184   0.2
  pes_0_18 (PE_279)                    4.03e-02    0.162 3.76e+03    0.206   0.2
  pes_27_17 (PE_280)                   1.48e-03 8.88e-02 3.60e+03 9.38e-02   0.1
  pes_26_17 (PE_281)                   2.58e-03    0.120 3.80e+03    0.127   0.1
  pes_25_17 (PE_282)                   2.55e-03    0.120 3.75e+03    0.127   0.1
  pes_24_17 (PE_283)                   2.58e-03    0.120 3.78e+03    0.126   0.1
  pes_23_17 (PE_284)                   2.64e-03    0.119 3.89e+03    0.126   0.1
  pes_22_17 (PE_285)                   2.70e-03    0.119 3.83e+03    0.126   0.1
  pes_21_17 (PE_286)                   2.79e-03    0.119 3.78e+03    0.126   0.1
  pes_20_17 (PE_287)                   2.89e-03    0.120 3.81e+03    0.126   0.1
  pes_19_17 (PE_288)                   3.00e-03    0.119 3.79e+03    0.126   0.1
  pes_18_17 (PE_289)                   3.11e-03    0.119 3.81e+03    0.126   0.1
  pes_17_17 (PE_290)                   3.27e-03    0.120 3.76e+03    0.127   0.1
  pes_16_17 (PE_291)                   3.48e-03    0.120 3.77e+03    0.127   0.1
  pes_15_17 (PE_292)                   3.67e-03    0.120 3.80e+03    0.127   0.1
  pes_14_17 (PE_293)                   3.81e-03    0.121 3.82e+03    0.128   0.1
  pes_13_17 (PE_294)                   4.16e-03    0.122 3.83e+03    0.130   0.1
  pes_12_17 (PE_295)                   4.72e-03    0.121 3.74e+03    0.129   0.1
  pes_11_17 (PE_296)                   5.32e-03    0.122 3.76e+03    0.131   0.1
  pes_10_17 (PE_297)                   6.22e-03    0.123 3.82e+03    0.133   0.1
  pes_9_17 (PE_298)                    7.16e-03    0.125 3.79e+03    0.136   0.1
  pes_8_17 (PE_299)                    8.55e-03    0.127 3.82e+03    0.139   0.1
  pes_7_17 (PE_300)                    9.75e-03    0.127 3.84e+03    0.141   0.1
  pes_6_17 (PE_301)                    1.14e-02    0.129 3.81e+03    0.144   0.1
  pes_5_17 (PE_302)                    1.42e-02    0.132 3.77e+03    0.150   0.1
  pes_4_17 (PE_303)                    1.66e-02    0.136 3.76e+03    0.156   0.1
  pes_3_17 (PE_304)                    2.08e-02    0.140 3.81e+03    0.164   0.1
  pes_2_17 (PE_305)                    2.52e-02    0.145 3.83e+03    0.174   0.2
  pes_1_17 (PE_306)                    3.03e-02    0.150 3.81e+03    0.184   0.2
  pes_0_17 (PE_307)                    3.95e-02    0.161 3.74e+03    0.205   0.2
  pes_27_16 (PE_308)                   1.60e-03 8.89e-02 3.55e+03 9.41e-02   0.1
  pes_26_16 (PE_309)                   2.71e-03    0.119 3.72e+03    0.125   0.1
  pes_25_16 (PE_310)                   2.76e-03    0.119 3.73e+03    0.125   0.1
  pes_24_16 (PE_311)                   2.82e-03    0.120 3.79e+03    0.127   0.1
  pes_23_16 (PE_312)                   2.94e-03    0.120 3.90e+03    0.127   0.1
  pes_22_16 (PE_313)                   3.08e-03    0.120 3.84e+03    0.127   0.1
  pes_21_16 (PE_314)                   3.17e-03    0.119 3.82e+03    0.126   0.1
  pes_20_16 (PE_315)                   3.23e-03    0.120 3.85e+03    0.127   0.1
  pes_19_16 (PE_316)                   3.38e-03    0.120 3.84e+03    0.127   0.1
  pes_18_16 (PE_317)                   3.50e-03    0.120 3.78e+03    0.127   0.1
  pes_17_16 (PE_318)                   3.72e-03    0.120 3.79e+03    0.128   0.1
  pes_16_16 (PE_319)                   3.84e-03    0.121 3.79e+03    0.128   0.1
  pes_15_16 (PE_320)                   4.13e-03    0.120 3.82e+03    0.128   0.1
  pes_14_16 (PE_321)                   4.47e-03    0.122 3.84e+03    0.130   0.1
  pes_13_16 (PE_322)                   4.88e-03    0.122 3.79e+03    0.130   0.1
  pes_12_16 (PE_323)                   5.33e-03    0.122 3.83e+03    0.131   0.1
  pes_11_16 (PE_324)                   6.02e-03    0.124 3.88e+03    0.134   0.1
  pes_10_16 (PE_325)                   6.68e-03    0.124 3.79e+03    0.135   0.1
  pes_9_16 (PE_326)                    7.34e-03    0.125 3.77e+03    0.136   0.1
  pes_8_16 (PE_327)                    8.77e-03    0.125 3.78e+03    0.138   0.1
  pes_7_16 (PE_328)                    9.99e-03    0.128 3.82e+03    0.141   0.1
  pes_6_16 (PE_329)                    1.21e-02    0.129 3.89e+03    0.145   0.1
  pes_5_16 (PE_330)                    1.39e-02    0.132 3.86e+03    0.149   0.1
  pes_4_16 (PE_331)                    1.67e-02    0.134 3.81e+03    0.155   0.1
  pes_3_16 (PE_332)                    2.08e-02    0.139 3.83e+03    0.164   0.1
  pes_2_16 (PE_333)                    2.48e-02    0.145 3.79e+03    0.174   0.2
  pes_1_16 (PE_334)                    3.15e-02    0.152 3.86e+03    0.187   0.2
  pes_0_16 (PE_335)                    3.96e-02    0.163 3.78e+03    0.207   0.2
  pes_27_15 (PE_336)                   1.53e-03 8.88e-02 3.51e+03 9.38e-02   0.1
  pes_26_15 (PE_337)                   2.60e-03    0.121 3.82e+03    0.127   0.1
  pes_25_15 (PE_338)                   2.64e-03    0.120 3.81e+03    0.126   0.1
  pes_24_15 (PE_339)                   2.67e-03    0.119 3.83e+03    0.125   0.1
  pes_23_15 (PE_340)                   2.69e-03    0.119 3.83e+03    0.125   0.1
  pes_22_15 (PE_341)                   2.75e-03    0.119 3.75e+03    0.126   0.1
  pes_21_15 (PE_342)                   2.82e-03    0.119 3.77e+03    0.126   0.1
  pes_20_15 (PE_343)                   2.90e-03    0.120 3.77e+03    0.127   0.1
  pes_19_15 (PE_344)                   3.01e-03    0.120 3.82e+03    0.127   0.1
  pes_18_15 (PE_345)                   3.20e-03    0.119 3.83e+03    0.126   0.1
  pes_17_15 (PE_346)                   3.36e-03    0.120 3.82e+03    0.127   0.1
  pes_16_15 (PE_347)                   3.53e-03    0.121 3.82e+03    0.128   0.1
  pes_15_15 (PE_348)                   3.75e-03    0.120 3.83e+03    0.127   0.1
  pes_14_15 (PE_349)                   4.20e-03    0.121 3.85e+03    0.129   0.1
  pes_13_15 (PE_350)                   4.42e-03    0.121 3.77e+03    0.129   0.1
  pes_12_15 (PE_351)                   4.98e-03    0.123 3.80e+03    0.131   0.1
  pes_11_15 (PE_352)                   5.55e-03    0.123 3.79e+03    0.132   0.1
  pes_10_15 (PE_353)                   6.40e-03    0.123 3.77e+03    0.133   0.1
  pes_9_15 (PE_354)                    7.21e-03    0.126 3.78e+03    0.137   0.1
  pes_8_15 (PE_355)                    8.38e-03    0.126 3.77e+03    0.139   0.1
  pes_7_15 (PE_356)                    9.76e-03    0.128 3.78e+03    0.142   0.1
  pes_6_15 (PE_357)                    1.13e-02    0.129 3.82e+03    0.144   0.1
  pes_5_15 (PE_358)                    1.38e-02    0.133 3.80e+03    0.150   0.1
  pes_4_15 (PE_359)                    1.65e-02    0.135 3.74e+03    0.155   0.1
  pes_3_15 (PE_360)                    2.00e-02    0.139 3.84e+03    0.163   0.1
  pes_2_15 (PE_361)                    2.39e-02    0.143 3.78e+03    0.170   0.2
  pes_1_15 (PE_362)                    3.07e-02    0.151 3.88e+03    0.186   0.2
  pes_0_15 (PE_363)                    4.05e-02    0.162 3.75e+03    0.206   0.2
  pes_27_14 (PE_364)                   1.49e-03 8.88e-02 3.62e+03 9.39e-02   0.1
  pes_26_14 (PE_365)                   2.57e-03    0.120 3.83e+03    0.126   0.1
  pes_25_14 (PE_366)                   2.57e-03    0.119 3.83e+03    0.126   0.1
  pes_24_14 (PE_367)                   2.63e-03    0.119 3.78e+03    0.125   0.1
  pes_23_14 (PE_368)                   2.63e-03    0.119 3.80e+03    0.126   0.1
  pes_22_14 (PE_369)                   2.76e-03    0.119 3.77e+03    0.126   0.1
  pes_21_14 (PE_370)                   2.79e-03    0.120 3.85e+03    0.127   0.1
  pes_20_14 (PE_371)                   2.88e-03    0.120 3.77e+03    0.126   0.1
  pes_19_14 (PE_372)                   3.07e-03    0.120 3.80e+03    0.127   0.1
  pes_18_14 (PE_373)                   3.22e-03    0.120 3.80e+03    0.127   0.1
  pes_17_14 (PE_374)                   3.41e-03    0.119 3.76e+03    0.127   0.1
  pes_16_14 (PE_375)                   3.60e-03    0.120 3.81e+03    0.128   0.1
  pes_15_14 (PE_376)                   3.82e-03    0.120 3.80e+03    0.128   0.1
  pes_14_14 (PE_377)                   4.20e-03    0.122 3.85e+03    0.130   0.1
  pes_13_14 (PE_378)                   4.51e-03    0.122 3.82e+03    0.130   0.1
  pes_12_14 (PE_379)                   4.99e-03    0.122 3.80e+03    0.131   0.1
  pes_11_14 (PE_380)                   5.72e-03    0.123 3.82e+03    0.132   0.1
  pes_10_14 (PE_381)                   6.40e-03    0.124 3.86e+03    0.134   0.1
  pes_9_14 (PE_382)                    7.10e-03    0.125 3.78e+03    0.136   0.1
  pes_8_14 (PE_383)                    8.38e-03    0.126 3.79e+03    0.138   0.1
  pes_7_14 (PE_384)                    9.70e-03    0.127 3.77e+03    0.141   0.1
  pes_6_14 (PE_385)                    1.18e-02    0.130 3.82e+03    0.146   0.1
  pes_5_14 (PE_386)                    1.42e-02    0.133 3.81e+03    0.151   0.1
  pes_4_14 (PE_387)                    1.72e-02    0.135 3.85e+03    0.157   0.1
  pes_3_14 (PE_388)                    2.08e-02    0.139 3.75e+03    0.164   0.1
  pes_2_14 (PE_389)                    2.54e-02    0.146 3.84e+03    0.175   0.2
  pes_1_14 (PE_390)                    3.13e-02    0.154 3.84e+03    0.189   0.2
  pes_0_14 (PE_391)                    4.02e-02    0.163 3.75e+03    0.207   0.2
  pes_27_13 (PE_392)                   1.50e-03 8.88e-02 3.57e+03 9.38e-02   0.1
  pes_26_13 (PE_393)                   2.65e-03    0.120 3.80e+03    0.126   0.1
  pes_25_13 (PE_394)                   2.63e-03    0.120 3.76e+03    0.126   0.1
  pes_24_13 (PE_395)                   2.65e-03    0.119 3.80e+03    0.125   0.1
  pes_23_13 (PE_396)                   2.73e-03    0.119 3.81e+03    0.126   0.1
  pes_22_13 (PE_397)                   2.76e-03    0.119 3.74e+03    0.125   0.1
  pes_21_13 (PE_398)                   2.83e-03    0.119 3.80e+03    0.126   0.1
  pes_20_13 (PE_399)                   2.90e-03    0.120 3.83e+03    0.126   0.1
  pes_19_13 (PE_400)                   3.01e-03    0.120 3.74e+03    0.127   0.1
  pes_18_13 (PE_401)                   3.17e-03    0.120 3.84e+03    0.127   0.1
  pes_17_13 (PE_402)                   3.17e-03    0.120 3.88e+03    0.127   0.1
  pes_16_13 (PE_403)                   3.40e-03    0.120 3.83e+03    0.127   0.1
  pes_15_13 (PE_404)                   3.57e-03    0.120 3.76e+03    0.128   0.1
  pes_14_13 (PE_405)                   4.06e-03    0.120 3.77e+03    0.128   0.1
  pes_13_13 (PE_406)                   4.45e-03    0.121 3.91e+03    0.129   0.1
  pes_12_13 (PE_407)                   4.77e-03    0.122 3.79e+03    0.130   0.1
  pes_11_13 (PE_408)                   5.36e-03    0.122 3.80e+03    0.132   0.1
  pes_10_13 (PE_409)                   6.04e-03    0.123 3.76e+03    0.132   0.1
  pes_9_13 (PE_410)                    6.93e-03    0.125 3.81e+03    0.136   0.1
  pes_8_13 (PE_411)                    8.26e-03    0.125 3.79e+03    0.137   0.1
  pes_7_13 (PE_412)                    1.00e-02    0.129 3.83e+03    0.143   0.1
  pes_6_13 (PE_413)                    1.19e-02    0.129 3.87e+03    0.145   0.1
  pes_5_13 (PE_414)                    1.42e-02    0.132 3.83e+03    0.150   0.1
  pes_4_13 (PE_415)                    1.74e-02    0.135 3.82e+03    0.157   0.1
  pes_3_13 (PE_416)                    2.06e-02    0.140 3.79e+03    0.165   0.1
  pes_2_13 (PE_417)                    2.58e-02    0.146 3.84e+03    0.176   0.2
  pes_1_13 (PE_418)                    3.07e-02    0.152 3.82e+03    0.186   0.2
  pes_0_13 (PE_419)                    4.01e-02    0.163 3.72e+03    0.207   0.2
  pes_27_12 (PE_420)                   1.62e-03 8.89e-02 3.62e+03 9.41e-02   0.1
  pes_26_12 (PE_421)                   2.71e-03    0.119 3.78e+03    0.126   0.1
  pes_25_12 (PE_422)                   2.73e-03    0.119 3.82e+03    0.125   0.1
  pes_24_12 (PE_423)                   2.76e-03    0.120 3.86e+03    0.127   0.1
  pes_23_12 (PE_424)                   2.79e-03    0.119 3.77e+03    0.125   0.1
  pes_22_12 (PE_425)                   2.89e-03    0.120 3.82e+03    0.127   0.1
  pes_21_12 (PE_426)                   2.93e-03    0.119 3.76e+03    0.126   0.1
  pes_20_12 (PE_427)                   3.10e-03    0.120 3.82e+03    0.127   0.1
  pes_19_12 (PE_428)                   3.24e-03    0.121 3.80e+03    0.128   0.1
  pes_18_12 (PE_429)                   3.35e-03    0.119 3.76e+03    0.127   0.1
  pes_17_12 (PE_430)                   3.48e-03    0.121 3.82e+03    0.128   0.1
  pes_16_12 (PE_431)                   3.73e-03    0.121 3.86e+03    0.129   0.1
  pes_15_12 (PE_432)                   3.96e-03    0.121 3.81e+03    0.129   0.1
  pes_14_12 (PE_433)                   4.10e-03    0.120 3.77e+03    0.128   0.1
  pes_13_12 (PE_434)                   4.61e-03    0.123 3.84e+03    0.131   0.1
  pes_12_12 (PE_435)                   4.97e-03    0.121 3.82e+03    0.130   0.1
  pes_11_12 (PE_436)                   5.65e-03    0.123 3.82e+03    0.132   0.1
  pes_10_12 (PE_437)                   6.38e-03    0.124 3.77e+03    0.134   0.1
  pes_9_12 (PE_438)                    7.54e-03    0.124 3.87e+03    0.136   0.1
  pes_8_12 (PE_439)                    8.57e-03    0.126 3.85e+03    0.138   0.1
  pes_7_12 (PE_440)                    9.88e-03    0.127 3.78e+03    0.141   0.1
  pes_6_12 (PE_441)                    1.19e-02    0.130 3.85e+03    0.145   0.1
  pes_5_12 (PE_442)                    1.43e-02    0.133 3.87e+03    0.151   0.1
  pes_4_12 (PE_443)                    1.70e-02    0.137 3.89e+03    0.158   0.1
  pes_3_12 (PE_444)                    2.07e-02    0.139 3.78e+03    0.163   0.1
  pes_2_12 (PE_445)                    2.52e-02    0.145 3.84e+03    0.174   0.2
  pes_1_12 (PE_446)                    3.16e-02    0.153 3.81e+03    0.188   0.2
  pes_0_12 (PE_447)                    4.02e-02    0.163 3.78e+03    0.207   0.2
  pes_27_11 (PE_448)                   1.64e-03 8.89e-02 3.59e+03 9.42e-02   0.1
  pes_26_11 (PE_449)                   2.84e-03    0.120 3.85e+03    0.127   0.1
  pes_25_11 (PE_450)                   2.83e-03    0.119 3.76e+03    0.125   0.1
  pes_24_11 (PE_451)                   2.86e-03    0.119 3.74e+03    0.126   0.1
  pes_23_11 (PE_452)                   2.91e-03    0.120 3.81e+03    0.127   0.1
  pes_22_11 (PE_453)                   2.93e-03    0.119 3.76e+03    0.126   0.1
  pes_21_11 (PE_454)                   3.03e-03    0.120 3.77e+03    0.126   0.1
  pes_20_11 (PE_455)                   3.07e-03    0.120 3.80e+03    0.127   0.1
  pes_19_11 (PE_456)                   3.17e-03    0.120 3.76e+03    0.127   0.1
  pes_18_11 (PE_457)                   3.29e-03    0.119 3.75e+03    0.126   0.1
  pes_17_11 (PE_458)                   3.56e-03    0.120 3.81e+03    0.128   0.1
  pes_16_11 (PE_459)                   3.60e-03    0.120 3.79e+03    0.127   0.1
  pes_15_11 (PE_460)                   3.80e-03    0.121 3.81e+03    0.129   0.1
  pes_14_11 (PE_461)                   4.16e-03    0.122 3.84e+03    0.130   0.1
  pes_13_11 (PE_462)                   4.63e-03    0.122 3.81e+03    0.130   0.1
  pes_12_11 (PE_463)                   5.09e-03    0.123 3.80e+03    0.132   0.1
  pes_11_11 (PE_464)                   5.68e-03    0.122 3.87e+03    0.132   0.1
  pes_10_11 (PE_465)                   6.28e-03    0.123 3.84e+03    0.133   0.1
  pes_9_11 (PE_466)                    7.14e-03    0.125 3.79e+03    0.135   0.1
  pes_8_11 (PE_467)                    8.41e-03    0.127 3.82e+03    0.139   0.1
  pes_7_11 (PE_468)                    9.71e-03    0.127 3.78e+03    0.141   0.1
  pes_6_11 (PE_469)                    1.16e-02    0.129 3.76e+03    0.145   0.1
  pes_5_11 (PE_470)                    1.42e-02    0.132 3.81e+03    0.150   0.1
  pes_4_11 (PE_471)                    1.68e-02    0.136 3.79e+03    0.157   0.1
  pes_3_11 (PE_472)                    2.04e-02    0.140 3.82e+03    0.164   0.1
  pes_2_11 (PE_473)                    2.53e-02    0.144 3.80e+03    0.173   0.2
  pes_1_11 (PE_474)                    3.07e-02    0.152 3.80e+03    0.186   0.2
  pes_0_11 (PE_475)                    3.99e-02    0.163 3.75e+03    0.207   0.2
  pes_27_10 (PE_476)                   1.48e-03 8.88e-02 3.62e+03 9.39e-02   0.1
  pes_26_10 (PE_477)                   2.61e-03    0.119 3.75e+03    0.125   0.1
  pes_25_10 (PE_478)                   2.68e-03    0.121 3.86e+03    0.127   0.1
  pes_24_10 (PE_479)                   2.65e-03    0.119 3.76e+03    0.126   0.1
  pes_23_10 (PE_480)                   2.72e-03    0.120 3.78e+03    0.127   0.1
  pes_22_10 (PE_481)                   2.82e-03    0.120 3.84e+03    0.126   0.1
  pes_21_10 (PE_482)                   2.89e-03    0.119 3.83e+03    0.126   0.1
  pes_20_10 (PE_483)                   2.99e-03    0.120 3.79e+03    0.127   0.1
  pes_19_10 (PE_484)                   3.17e-03    0.120 3.81e+03    0.127   0.1
  pes_18_10 (PE_485)                   3.27e-03    0.120 3.73e+03    0.127   0.1
  pes_17_10 (PE_486)                   3.38e-03    0.121 3.77e+03    0.129   0.1
  pes_16_10 (PE_487)                   3.68e-03    0.120 3.80e+03    0.128   0.1
  pes_15_10 (PE_488)                   3.88e-03    0.121 3.76e+03    0.129   0.1
  pes_14_10 (PE_489)                   4.30e-03    0.121 3.82e+03    0.129   0.1
  pes_13_10 (PE_490)                   4.74e-03    0.122 3.77e+03    0.131   0.1
  pes_12_10 (PE_491)                   5.14e-03    0.123 3.83e+03    0.132   0.1
  pes_11_10 (PE_492)                   5.77e-03    0.122 3.77e+03    0.132   0.1
  pes_10_10 (PE_493)                   6.50e-03    0.123 3.86e+03    0.133   0.1
  pes_9_10 (PE_494)                    7.43e-03    0.124 3.79e+03    0.135   0.1
  pes_8_10 (PE_495)                    8.78e-03    0.126 3.82e+03    0.139   0.1
  pes_7_10 (PE_496)                    1.01e-02    0.128 3.80e+03    0.142   0.1
  pes_6_10 (PE_497)                    1.15e-02    0.129 3.80e+03    0.145   0.1
  pes_5_10 (PE_498)                    1.38e-02    0.133 3.82e+03    0.151   0.1
  pes_4_10 (PE_499)                    1.70e-02    0.135 3.82e+03    0.156   0.1
  pes_3_10 (PE_500)                    2.05e-02    0.139 3.79e+03    0.163   0.1
  pes_2_10 (PE_501)                    2.54e-02    0.146 3.88e+03    0.175   0.2
  pes_1_10 (PE_502)                    3.01e-02    0.150 3.80e+03    0.184   0.2
  pes_0_10 (PE_503)                    4.00e-02    0.162 3.74e+03    0.205   0.2
  pes_27_9 (PE_504)                    1.55e-03 8.88e-02 3.60e+03 9.40e-02   0.1
  pes_26_9 (PE_505)                    2.62e-03    0.119 3.76e+03    0.125   0.1
  pes_25_9 (PE_506)                    2.68e-03    0.119 3.80e+03    0.126   0.1
  pes_24_9 (PE_507)                    2.66e-03    0.119 3.86e+03    0.126   0.1
  pes_23_9 (PE_508)                    2.74e-03    0.119 3.78e+03    0.125   0.1
  pes_22_9 (PE_509)                    2.89e-03    0.119 3.83e+03    0.126   0.1
  pes_21_9 (PE_510)                    2.86e-03    0.119 3.86e+03    0.126   0.1
  pes_20_9 (PE_511)                    2.93e-03    0.120 3.82e+03    0.126   0.1
  pes_19_9 (PE_512)                    3.08e-03    0.120 3.76e+03    0.127   0.1
  pes_18_9 (PE_513)                    3.17e-03    0.120 3.80e+03    0.127   0.1
  pes_17_9 (PE_514)                    3.30e-03    0.119 3.78e+03    0.126   0.1
  pes_16_9 (PE_515)                    3.52e-03    0.120 3.84e+03    0.127   0.1
  pes_15_9 (PE_516)                    3.79e-03    0.120 3.84e+03    0.128   0.1
  pes_14_9 (PE_517)                    4.06e-03    0.121 3.85e+03    0.129   0.1
  pes_13_9 (PE_518)                    4.37e-03    0.121 3.74e+03    0.129   0.1
  pes_12_9 (PE_519)                    4.84e-03    0.122 3.82e+03    0.131   0.1
  pes_11_9 (PE_520)                    5.54e-03    0.123 3.82e+03    0.132   0.1
  pes_10_9 (PE_521)                    6.16e-03    0.123 3.80e+03    0.133   0.1
  pes_9_9 (PE_522)                     7.15e-03    0.124 3.78e+03    0.135   0.1
  pes_8_9 (PE_523)                     8.57e-03    0.127 3.93e+03    0.139   0.1
  pes_7_9 (PE_524)                     1.01e-02    0.128 3.80e+03    0.142   0.1
  pes_6_9 (PE_525)                     1.16e-02    0.129 3.77e+03    0.145   0.1
  pes_5_9 (PE_526)                     1.39e-02    0.132 3.79e+03    0.150   0.1
  pes_4_9 (PE_527)                     1.69e-02    0.136 3.83e+03    0.157   0.1
  pes_3_9 (PE_528)                     2.03e-02    0.140 3.85e+03    0.164   0.1
  pes_2_9 (PE_529)                     2.54e-02    0.145 3.86e+03    0.174   0.2
  pes_1_9 (PE_530)                     3.06e-02    0.152 3.76e+03    0.187   0.2
  pes_0_9 (PE_531)                     4.12e-02    0.164 3.74e+03    0.209   0.2
  pes_27_8 (PE_532)                    1.51e-03 8.87e-02 3.58e+03 9.38e-02   0.1
  pes_26_8 (PE_533)                    2.63e-03    0.121 3.78e+03    0.128   0.1
  pes_25_8 (PE_534)                    2.61e-03    0.119 3.78e+03    0.126   0.1
  pes_24_8 (PE_535)                    2.64e-03    0.119 3.85e+03    0.125   0.1
  pes_23_8 (PE_536)                    2.76e-03    0.119 3.78e+03    0.126   0.1
  pes_22_8 (PE_537)                    2.73e-03    0.119 3.78e+03    0.125   0.1
  pes_21_8 (PE_538)                    2.84e-03    0.120 3.79e+03    0.126   0.1
  pes_20_8 (PE_539)                    2.88e-03    0.119 3.78e+03    0.126   0.1
  pes_19_8 (PE_540)                    3.05e-03    0.120 3.79e+03    0.127   0.1
  pes_18_8 (PE_541)                    3.20e-03    0.119 3.80e+03    0.126   0.1
  pes_17_8 (PE_542)                    3.33e-03    0.119 3.79e+03    0.126   0.1
  pes_16_8 (PE_543)                    3.66e-03    0.121 3.88e+03    0.128   0.1
  pes_15_8 (PE_544)                    3.85e-03    0.121 3.76e+03    0.128   0.1
  pes_14_8 (PE_545)                    4.10e-03    0.122 3.85e+03    0.130   0.1
  pes_13_8 (PE_546)                    4.57e-03    0.121 3.81e+03    0.129   0.1
  pes_12_8 (PE_547)                    5.12e-03    0.122 3.80e+03    0.131   0.1
  pes_11_8 (PE_548)                    5.50e-03    0.122 3.73e+03    0.131   0.1
  pes_10_8 (PE_549)                    6.34e-03    0.124 3.81e+03    0.134   0.1
  pes_9_8 (PE_550)                     7.10e-03    0.124 3.78e+03    0.135   0.1
  pes_8_8 (PE_551)                     8.13e-03    0.125 3.84e+03    0.137   0.1
  pes_7_8 (PE_552)                     9.63e-03    0.127 3.82e+03    0.140   0.1
  pes_6_8 (PE_553)                     1.13e-02    0.129 3.79e+03    0.144   0.1
  pes_5_8 (PE_554)                     1.33e-02    0.132 3.79e+03    0.149   0.1
  pes_4_8 (PE_555)                     1.58e-02    0.134 3.77e+03    0.154   0.1
  pes_3_8 (PE_556)                     1.96e-02    0.139 3.79e+03    0.163   0.1
  pes_2_8 (PE_557)                     2.49e-02    0.145 3.86e+03    0.174   0.2
  pes_1_8 (PE_558)                     3.03e-02    0.151 3.82e+03    0.185   0.2
  pes_0_8 (PE_559)                     4.05e-02    0.162 3.70e+03    0.206   0.2
  pes_27_7 (PE_560)                    1.75e-03 8.90e-02 3.60e+03 9.44e-02   0.1
  pes_26_7 (PE_561)                    2.86e-03    0.119 3.83e+03    0.126   0.1
  pes_25_7 (PE_562)                    2.90e-03    0.119 3.84e+03    0.126   0.1
  pes_24_7 (PE_563)                    2.93e-03    0.119 3.73e+03    0.126   0.1
  pes_23_7 (PE_564)                    3.04e-03    0.120 3.81e+03    0.127   0.1
  pes_22_7 (PE_565)                    3.10e-03    0.120 3.78e+03    0.127   0.1
  pes_21_7 (PE_566)                    3.24e-03    0.119 3.79e+03    0.126   0.1
  pes_20_7 (PE_567)                    3.43e-03    0.120 3.84e+03    0.127   0.1
  pes_19_7 (PE_568)                    3.53e-03    0.120 3.75e+03    0.127   0.1
  pes_18_7 (PE_569)                    3.65e-03    0.121 3.77e+03    0.128   0.1
  pes_17_7 (PE_570)                    3.92e-03    0.122 3.91e+03    0.130   0.1
  pes_16_7 (PE_571)                    4.07e-03    0.120 3.85e+03    0.128   0.1
  pes_15_7 (PE_572)                    4.25e-03    0.121 3.76e+03    0.129   0.1
  pes_14_7 (PE_573)                    4.57e-03    0.121 3.80e+03    0.129   0.1
  pes_13_7 (PE_574)                    4.95e-03    0.122 3.83e+03    0.131   0.1
  pes_12_7 (PE_575)                    5.24e-03    0.122 3.79e+03    0.131   0.1
  pes_11_7 (PE_576)                    5.70e-03    0.123 3.79e+03    0.133   0.1
  pes_10_7 (PE_577)                    6.71e-03    0.124 3.82e+03    0.134   0.1
  pes_9_7 (PE_578)                     7.74e-03    0.125 3.87e+03    0.137   0.1
  pes_8_7 (PE_579)                     8.64e-03    0.127 3.78e+03    0.139   0.1
  pes_7_7 (PE_580)                     1.04e-02    0.128 3.82e+03    0.142   0.1
  pes_6_7 (PE_581)                     1.22e-02    0.130 3.75e+03    0.146   0.1
  pes_5_7 (PE_582)                     1.46e-02    0.132 3.81e+03    0.150   0.1
  pes_4_7 (PE_583)                     1.77e-02    0.136 3.85e+03    0.158   0.1
  pes_3_7 (PE_584)                     2.11e-02    0.140 3.82e+03    0.165   0.1
  pes_2_7 (PE_585)                     2.60e-02    0.145 3.79e+03    0.174   0.2
  pes_1_7 (PE_586)                     3.14e-02    0.152 3.77e+03    0.187   0.2
  pes_0_7 (PE_587)                     4.02e-02    0.162 3.70e+03    0.206   0.2
  pes_27_6 (PE_588)                    1.76e-03 8.91e-02 3.58e+03 9.44e-02   0.1
  pes_26_6 (PE_589)                    2.90e-03    0.120 3.84e+03    0.127   0.1
  pes_25_6 (PE_590)                    2.93e-03    0.121 3.80e+03    0.128   0.1
  pes_24_6 (PE_591)                    2.98e-03    0.120 3.82e+03    0.126   0.1
  pes_23_6 (PE_592)                    3.03e-03    0.120 3.91e+03    0.127   0.1
  pes_22_6 (PE_593)                    3.06e-03    0.120 3.81e+03    0.127   0.1
  pes_21_6 (PE_594)                    3.13e-03    0.120 3.81e+03    0.127   0.1
  pes_20_6 (PE_595)                    3.25e-03    0.121 3.83e+03    0.128   0.1
  pes_19_6 (PE_596)                    3.27e-03    0.120 3.77e+03    0.127   0.1
  pes_18_6 (PE_597)                    3.40e-03    0.121 3.79e+03    0.128   0.1
  pes_17_6 (PE_598)                    3.63e-03    0.120 3.81e+03    0.128   0.1
  pes_16_6 (PE_599)                    3.85e-03    0.121 3.85e+03    0.129   0.1
  pes_15_6 (PE_600)                    4.09e-03    0.120 3.81e+03    0.128   0.1
  pes_14_6 (PE_601)                    4.52e-03    0.121 3.74e+03    0.129   0.1
  pes_13_6 (PE_602)                    4.87e-03    0.122 3.86e+03    0.131   0.1
  pes_12_6 (PE_603)                    5.27e-03    0.122 3.80e+03    0.131   0.1
  pes_11_6 (PE_604)                    5.99e-03    0.124 3.90e+03    0.134   0.1
  pes_10_6 (PE_605)                    6.71e-03    0.124 3.78e+03    0.134   0.1
  pes_9_6 (PE_606)                     7.58e-03    0.124 3.82e+03    0.136   0.1
  pes_8_6 (PE_607)                     8.88e-03    0.126 3.83e+03    0.139   0.1
  pes_7_6 (PE_608)                     1.02e-02    0.128 3.82e+03    0.142   0.1
  pes_6_6 (PE_609)                     1.21e-02    0.130 3.80e+03    0.146   0.1
  pes_5_6 (PE_610)                     1.41e-02    0.133 3.78e+03    0.151   0.1
  pes_4_6 (PE_611)                     1.71e-02    0.136 3.80e+03    0.157   0.1
  pes_3_6 (PE_612)                     2.10e-02    0.140 3.79e+03    0.165   0.1
  pes_2_6 (PE_613)                     2.60e-02    0.147 3.90e+03    0.176   0.2
  pes_1_6 (PE_614)                     3.23e-02    0.152 3.85e+03    0.189   0.2
  pes_0_6 (PE_615)                     4.18e-02    0.164 3.74e+03    0.210   0.2
  pes_27_5 (PE_616)                    2.05e-03 8.94e-02 3.56e+03 9.50e-02   0.1
  pes_26_5 (PE_617)                    3.23e-03    0.120 3.79e+03    0.128   0.1
  pes_25_5 (PE_618)                    3.23e-03    0.121 3.81e+03    0.128   0.1
  pes_24_5 (PE_619)                    3.28e-03    0.120 3.83e+03    0.127   0.1
  pes_23_5 (PE_620)                    3.20e-03    0.119 3.80e+03    0.126   0.1
  pes_22_5 (PE_621)                    3.34e-03    0.120 3.80e+03    0.127   0.1
  pes_21_5 (PE_622)                    3.40e-03    0.121 3.80e+03    0.129   0.1
  pes_20_5 (PE_623)                    3.53e-03    0.120 3.75e+03    0.127   0.1
  pes_19_5 (PE_624)                    3.65e-03    0.120 3.88e+03    0.128   0.1
  pes_18_5 (PE_625)                    3.68e-03    0.120 3.79e+03    0.128   0.1
  pes_17_5 (PE_626)                    3.83e-03    0.120 3.86e+03    0.128   0.1
  pes_16_5 (PE_627)                    4.02e-03    0.121 3.78e+03    0.129   0.1
  pes_15_5 (PE_628)                    4.38e-03    0.121 3.86e+03    0.129   0.1
  pes_14_5 (PE_629)                    4.78e-03    0.121 3.84e+03    0.129   0.1
  pes_13_5 (PE_630)                    5.02e-03    0.121 3.84e+03    0.130   0.1
  pes_12_5 (PE_631)                    5.51e-03    0.122 3.75e+03    0.131   0.1
  pes_11_5 (PE_632)                    6.10e-03    0.124 3.82e+03    0.134   0.1
  pes_10_5 (PE_633)                    7.12e-03    0.124 3.88e+03    0.135   0.1
  pes_9_5 (PE_634)                     7.82e-03    0.126 3.80e+03    0.137   0.1
  pes_8_5 (PE_635)                     8.81e-03    0.127 3.84e+03    0.139   0.1
  pes_7_5 (PE_636)                     1.06e-02    0.129 3.85e+03    0.143   0.1
  pes_6_5 (PE_637)                     1.23e-02    0.130 3.83e+03    0.146   0.1
  pes_5_5 (PE_638)                     1.43e-02    0.132 3.81e+03    0.150   0.1
  pes_4_5 (PE_639)                     1.69e-02    0.135 3.82e+03    0.156   0.1
  pes_3_5 (PE_640)                     2.07e-02    0.140 3.80e+03    0.164   0.1
  pes_2_5 (PE_641)                     2.57e-02    0.146 3.87e+03    0.176   0.2
  pes_1_5 (PE_642)                     3.14e-02    0.153 3.83e+03    0.188   0.2
  pes_0_5 (PE_643)                     4.10e-02    0.165 3.71e+03    0.210   0.2
  pes_27_4 (PE_644)                    2.82e-03 9.02e-02 3.59e+03 9.66e-02   0.1
  pes_26_4 (PE_645)                    3.97e-03    0.122 3.82e+03    0.130   0.1
  pes_25_4 (PE_646)                    3.95e-03    0.121 3.79e+03    0.129   0.1
  pes_24_4 (PE_647)                    3.94e-03    0.120 3.79e+03    0.128   0.1
  pes_23_4 (PE_648)                    4.06e-03    0.121 3.75e+03    0.129   0.1
  pes_22_4 (PE_649)                    4.09e-03    0.121 3.78e+03    0.129   0.1
  pes_21_4 (PE_650)                    4.20e-03    0.122 3.83e+03    0.130   0.1
  pes_20_4 (PE_651)                    4.24e-03    0.121 3.77e+03    0.129   0.1
  pes_19_4 (PE_652)                    4.32e-03    0.121 3.81e+03    0.129   0.1
  pes_18_4 (PE_653)                    4.54e-03    0.122 3.82e+03    0.130   0.1
  pes_17_4 (PE_654)                    4.62e-03    0.121 3.75e+03    0.130   0.1
  pes_16_4 (PE_655)                    4.91e-03    0.122 3.82e+03    0.131   0.1
  pes_15_4 (PE_656)                    5.20e-03    0.122 3.84e+03    0.131   0.1
  pes_14_4 (PE_657)                    5.50e-03    0.122 3.83e+03    0.131   0.1
  pes_13_4 (PE_658)                    5.70e-03    0.123 3.73e+03    0.132   0.1
  pes_12_4 (PE_659)                    6.24e-03    0.124 3.76e+03    0.134   0.1
  pes_11_4 (PE_660)                    6.84e-03    0.124 3.84e+03    0.135   0.1
  pes_10_4 (PE_661)                    7.43e-03    0.125 3.76e+03    0.136   0.1
  pes_9_4 (PE_662)                     8.69e-03    0.127 3.85e+03    0.140   0.1
  pes_8_4 (PE_663)                     9.68e-03    0.126 3.83e+03    0.140   0.1
  pes_7_4 (PE_664)                     1.10e-02    0.128 3.82e+03    0.143   0.1
  pes_6_4 (PE_665)                     1.27e-02    0.130 3.78e+03    0.146   0.1
  pes_5_4 (PE_666)                     1.48e-02    0.134 3.77e+03    0.152   0.1
  pes_4_4 (PE_667)                     1.77e-02    0.137 3.82e+03    0.158   0.1
  pes_3_4 (PE_668)                     2.18e-02    0.140 3.88e+03    0.166   0.1
  pes_2_4 (PE_669)                     2.63e-02    0.147 3.83e+03    0.177   0.2
  pes_1_4 (PE_670)                     3.14e-02    0.153 3.84e+03    0.188   0.2
  pes_0_4 (PE_671)                     4.01e-02    0.163 3.78e+03    0.207   0.2
  pes_27_3 (PE_672)                    4.52e-03 9.20e-02 3.53e+03    0.100   0.1
  pes_26_3 (PE_673)                    5.66e-03    0.122 3.78e+03    0.131   0.1
  pes_25_3 (PE_674)                    5.79e-03    0.122 3.82e+03    0.132   0.1
  pes_24_3 (PE_675)                    5.76e-03    0.122 3.81e+03    0.132   0.1
  pes_23_3 (PE_676)                    5.86e-03    0.123 3.84e+03    0.133   0.1
  pes_22_3 (PE_677)                    5.94e-03    0.124 3.86e+03    0.133   0.1
  pes_21_3 (PE_678)                    5.92e-03    0.123 3.81e+03    0.133   0.1
  pes_20_3 (PE_679)                    6.09e-03    0.123 3.77e+03    0.133   0.1
  pes_19_3 (PE_680)                    6.09e-03    0.123 3.83e+03    0.133   0.1
  pes_18_3 (PE_681)                    6.03e-03    0.122 3.80e+03    0.132   0.1
  pes_17_3 (PE_682)                    6.23e-03    0.123 3.78e+03    0.133   0.1
  pes_16_3 (PE_683)                    6.43e-03    0.124 3.77e+03    0.134   0.1
  pes_15_3 (PE_684)                    6.72e-03    0.124 3.81e+03    0.134   0.1
  pes_14_3 (PE_685)                    6.87e-03    0.124 3.83e+03    0.135   0.1
  pes_13_3 (PE_686)                    7.19e-03    0.124 3.81e+03    0.135   0.1
  pes_12_3 (PE_687)                    7.75e-03    0.125 3.83e+03    0.136   0.1
  pes_11_3 (PE_688)                    8.49e-03    0.125 3.86e+03    0.138   0.1
  pes_10_3 (PE_689)                    9.06e-03    0.126 3.81e+03    0.139   0.1
  pes_9_3 (PE_690)                     9.97e-03    0.127 3.81e+03    0.141   0.1
  pes_8_3 (PE_691)                     1.12e-02    0.130 3.81e+03    0.145   0.1
  pes_7_3 (PE_692)                     1.28e-02    0.131 3.85e+03    0.148   0.1
  pes_6_3 (PE_693)                     1.41e-02    0.133 3.80e+03    0.151   0.1
  pes_5_3 (PE_694)                     1.66e-02    0.135 3.79e+03    0.155   0.1
  pes_4_3 (PE_695)                     1.88e-02    0.137 3.76e+03    0.159   0.1
  pes_3_3 (PE_696)                     2.30e-02    0.142 3.84e+03    0.169   0.2
  pes_2_3 (PE_697)                     2.66e-02    0.146 3.83e+03    0.177   0.2
  pes_1_3 (PE_698)                     3.18e-02    0.152 3.82e+03    0.188   0.2
  pes_0_3 (PE_699)                     4.15e-02    0.165 3.79e+03    0.211   0.2
  pes_27_2 (PE_700)                    8.90e-03 9.67e-02 3.60e+03    0.109   0.1
  pes_26_2 (PE_701)                    1.00e-02    0.129 3.79e+03    0.142   0.1
  pes_25_2 (PE_702)                    1.00e-02    0.127 3.81e+03    0.141   0.1
  pes_24_2 (PE_703)                    1.03e-02    0.128 3.87e+03    0.142   0.1
  pes_23_2 (PE_704)                    1.02e-02    0.127 3.80e+03    0.141   0.1
  pes_22_2 (PE_705)                    1.04e-02    0.128 3.82e+03    0.142   0.1
  pes_21_2 (PE_706)                    1.04e-02    0.127 3.80e+03    0.141   0.1
  pes_20_2 (PE_707)                    1.04e-02    0.128 3.76e+03    0.142   0.1
  pes_19_2 (PE_708)                    1.02e-02    0.128 3.81e+03    0.142   0.1
  pes_18_2 (PE_709)                    1.05e-02    0.128 3.78e+03    0.142   0.1
  pes_17_2 (PE_710)                    1.10e-02    0.129 3.80e+03    0.144   0.1
  pes_16_2 (PE_711)                    1.10e-02    0.128 3.79e+03    0.143   0.1
  pes_15_2 (PE_712)                    1.15e-02    0.128 3.83e+03    0.144   0.1
  pes_14_2 (PE_713)                    1.15e-02    0.128 3.81e+03    0.144   0.1
  pes_13_2 (PE_714)                    1.18e-02    0.129 3.87e+03    0.144   0.1
  pes_12_2 (PE_715)                    1.23e-02    0.131 3.81e+03    0.147   0.1
  pes_11_2 (PE_716)                    1.30e-02    0.131 3.81e+03    0.148   0.1
  pes_10_2 (PE_717)                    1.35e-02    0.130 3.79e+03    0.148   0.1
  pes_9_2 (PE_718)                     1.43e-02    0.132 3.75e+03    0.150   0.1
  pes_8_2 (PE_719)                     1.55e-02    0.134 3.80e+03    0.153   0.1
  pes_7_2 (PE_720)                     1.69e-02    0.135 3.85e+03    0.156   0.1
  pes_6_2 (PE_721)                     1.82e-02    0.136 3.74e+03    0.158   0.1
  pes_5_2 (PE_722)                     2.06e-02    0.140 3.90e+03    0.164   0.1
  pes_4_2 (PE_723)                     2.29e-02    0.141 3.81e+03    0.168   0.1
  pes_3_2 (PE_724)                     2.58e-02    0.146 3.81e+03    0.176   0.2
  pes_2_2 (PE_725)                     2.99e-02    0.149 3.78e+03    0.183   0.2
  pes_1_2 (PE_726)                     3.56e-02    0.156 3.78e+03    0.195   0.2
  pes_0_2 (PE_727)                     4.44e-02    0.167 3.77e+03    0.216   0.2
  pes_27_1 (PE_728)                    2.03e-02    0.109 3.60e+03    0.133   0.1
  pes_26_1 (PE_729)                    2.13e-02    0.140 3.79e+03    0.165   0.1
  pes_25_1 (PE_730)                    2.13e-02    0.141 3.81e+03    0.166   0.1
  pes_24_1 (PE_731)                    2.13e-02    0.139 3.71e+03    0.164   0.1
  pes_23_1 (PE_732)                    2.19e-02    0.141 3.82e+03    0.167   0.1
  pes_22_1 (PE_733)                    2.18e-02    0.140 3.78e+03    0.165   0.1
  pes_21_1 (PE_734)                    2.16e-02    0.139 3.75e+03    0.164   0.1
  pes_20_1 (PE_735)                    2.18e-02    0.140 3.79e+03    0.165   0.1
  pes_19_1 (PE_736)                    2.22e-02    0.140 3.84e+03    0.166   0.1
  pes_18_1 (PE_737)                    2.18e-02    0.139 3.81e+03    0.165   0.1
  pes_17_1 (PE_738)                    2.17e-02    0.140 3.76e+03    0.165   0.1
  pes_16_1 (PE_739)                    2.20e-02    0.141 3.78e+03    0.167   0.1
  pes_15_1 (PE_740)                    2.28e-02    0.141 3.79e+03    0.168   0.1
  pes_14_1 (PE_741)                    2.35e-02    0.142 3.86e+03    0.169   0.2
  pes_13_1 (PE_742)                    2.33e-02    0.141 3.76e+03    0.169   0.1
  pes_12_1 (PE_743)                    2.41e-02    0.143 3.79e+03    0.171   0.2
  pes_11_1 (PE_744)                    2.50e-02    0.142 3.77e+03    0.171   0.2
  pes_10_1 (PE_745)                    2.55e-02    0.143 3.80e+03    0.173   0.2
  pes_9_1 (PE_746)                     2.65e-02    0.145 3.82e+03    0.175   0.2
  pes_8_1 (PE_747)                     2.79e-02    0.146 3.84e+03    0.177   0.2
  pes_7_1 (PE_748)                     2.97e-02    0.149 3.89e+03    0.183   0.2
  pes_6_1 (PE_749)                     3.07e-02    0.150 3.76e+03    0.184   0.2
  pes_5_1 (PE_750)                     3.34e-02    0.154 3.88e+03    0.191   0.2
  pes_4_1 (PE_751)                     3.55e-02    0.154 3.78e+03    0.193   0.2
  pes_3_1 (PE_752)                     3.83e-02    0.158 3.83e+03    0.200   0.2
  pes_2_1 (PE_753)                     4.27e-02    0.162 3.80e+03    0.209   0.2
  pes_1_1 (PE_754)                     4.73e-02    0.168 3.78e+03    0.219   0.2
  pes_0_1 (PE_755)                     5.63e-02    0.179 3.72e+03    0.239   0.2
  pes_27 (PE_756)                      4.73e-02    0.141 3.60e+03    0.192   0.2
  pes_26 (PE_757)                      4.88e-02    0.173 3.76e+03    0.226   0.2
  pes_25 (PE_758)                      4.95e-02    0.173 3.74e+03    0.226   0.2
  pes_24 (PE_759)                      4.98e-02    0.174 3.78e+03    0.227   0.2
  pes_23 (PE_760)                      5.00e-02    0.173 3.83e+03    0.227   0.2
  pes_22 (PE_761)                      4.82e-02    0.172 3.72e+03    0.223   0.2
  pes_21 (PE_762)                      4.92e-02    0.172 3.76e+03    0.225   0.2
  pes_20 (PE_763)                      4.94e-02    0.174 3.79e+03    0.228   0.2
  pes_19 (PE_764)                      5.05e-02    0.174 3.84e+03    0.228   0.2
  pes_18 (PE_765)                      4.99e-02    0.175 3.80e+03    0.228   0.2
  pes_17 (PE_766)                      5.00e-02    0.176 3.86e+03    0.230   0.2
  pes_16 (PE_767)                      4.97e-02    0.175 3.81e+03    0.228   0.2
  pes_15 (PE_768)                      5.03e-02    0.173 3.76e+03    0.228   0.2
  pes_14 (PE_769)                      4.98e-02    0.173 3.77e+03    0.227   0.2
  pes_13 (PE_770)                      5.16e-02    0.175 3.77e+03    0.230   0.2
  pes_12 (PE_771)                      5.08e-02    0.175 3.73e+03    0.229   0.2
  pes_11 (PE_772)                      5.22e-02    0.176 3.78e+03    0.232   0.2
  pes_10 (PE_773)                      5.28e-02    0.179 3.82e+03    0.235   0.2
  pes_9 (PE_774)                       5.47e-02    0.178 3.76e+03    0.237   0.2
  pes_8 (PE_775)                       5.52e-02    0.180 3.81e+03    0.239   0.2
  pes_7 (PE_776)                       5.78e-02    0.181 3.79e+03    0.243   0.2
  pes_6 (PE_777)                       5.94e-02    0.182 3.77e+03    0.245   0.2
  pes_5 (PE_778)                       6.17e-02    0.185 3.75e+03    0.251   0.2
  pes_4 (PE_779)                       6.60e-02    0.191 3.77e+03    0.260   0.2
  pes_3 (PE_780)                       6.98e-02    0.194 3.80e+03    0.268   0.2
  pes_2 (PE_781)                       7.49e-02    0.200 3.80e+03    0.279   0.2
  pes_1 (PE_782)                       8.14e-02    0.206 3.78e+03    0.291   0.3
  pes_0 (PE_783)                       9.57e-02    0.223 3.75e+03    0.322   0.3
1
