 
****************************************
Report : power
        -hier
        -analysis_effort low
Design : SystolicArray
Version: V-2023.12
Date   : Tue Apr  7 14:52:55 2026
****************************************


Library(s) Used:

    tcbn28hpcplusbwp30p140ffg0p99v0c_ccs (File: /hpc/Tech/TSMC/digital/N28/digital/Front_End/timing_power_noise/CCS/tcbn28hpcplusbwp30p140_180a/tcbn28hpcplusbwp30p140ffg0p99v0c_ccs.db)


Operating Conditions: ffg0p99v0c   Library: tcbn28hpcplusbwp30p140ffg0p99v0c_ccs
Wire Load Model Mode: segmented

Design        Wire Load Model            Library
------------------------------------------------
SystolicArray          ZeroWireload      tcbn28hpcplusbwp30p140ffg0p99v0c_ccs
PE_783                 ZeroWireload      tcbn28hpcplusbwp30p140ffg0p99v0c_ccs
PE_756                 ZeroWireload      tcbn28hpcplusbwp30p140ffg0p99v0c_ccs
PE_1                   ZeroWireload      tcbn28hpcplusbwp30p140ffg0p99v0c_ccs
PE_2                   ZeroWireload      tcbn28hpcplusbwp30p140ffg0p99v0c_ccs
PE_3                   ZeroWireload      tcbn28hpcplusbwp30p140ffg0p99v0c_ccs
PE_4                   ZeroWireload      tcbn28hpcplusbwp30p140ffg0p99v0c_ccs
PE_5                   ZeroWireload      tcbn28hpcplusbwp30p140ffg0p99v0c_ccs
PE_6                   ZeroWireload      tcbn28hpcplusbwp30p140ffg0p99v0c_ccs
PE_7                   ZeroWireload      tcbn28hpcplusbwp30p140ffg0p99v0c_ccs
PE_8                   ZeroWireload      tcbn28hpcplusbwp30p140ffg0p99v0c_ccs
PE_9                   ZeroWireload      tcbn28hpcplusbwp30p140ffg0p99v0c_ccs
PE_10                  ZeroWireload      tcbn28hpcplusbwp30p140ffg0p99v0c_ccs
PE_11                  ZeroWireload      tcbn28hpcplusbwp30p140ffg0p99v0c_ccs
PE_12                  ZeroWireload      tcbn28hpcplusbwp30p140ffg0p99v0c_ccs
PE_13                  ZeroWireload      tcbn28hpcplusbwp30p140ffg0p99v0c_ccs
PE_14                  ZeroWireload      tcbn28hpcplusbwp30p140ffg0p99v0c_ccs
PE_15                  ZeroWireload      tcbn28hpcplusbwp30p140ffg0p99v0c_ccs
PE_16                  ZeroWireload      tcbn28hpcplusbwp30p140ffg0p99v0c_ccs
PE_17                  ZeroWireload      tcbn28hpcplusbwp30p140ffg0p99v0c_ccs
PE_18                  ZeroWireload      tcbn28hpcplusbwp30p140ffg0p99v0c_ccs
PE_19                  ZeroWireload      tcbn28hpcplusbwp30p140ffg0p99v0c_ccs
PE_20                  ZeroWireload      tcbn28hpcplusbwp30p140ffg0p99v0c_ccs
PE_21                  ZeroWireload      tcbn28hpcplusbwp30p140ffg0p99v0c_ccs
PE_22                  ZeroWireload      tcbn28hpcplusbwp30p140ffg0p99v0c_ccs
PE_23                  ZeroWireload      tcbn28hpcplusbwp30p140ffg0p99v0c_ccs
PE_24                  ZeroWireload      tcbn28hpcplusbwp30p140ffg0p99v0c_ccs
PE_25                  ZeroWireload      tcbn28hpcplusbwp30p140ffg0p99v0c_ccs
PE_26                  ZeroWireload      tcbn28hpcplusbwp30p140ffg0p99v0c_ccs
PE_27                  ZeroWireload      tcbn28hpcplusbwp30p140ffg0p99v0c_ccs
PE_29                  ZeroWireload      tcbn28hpcplusbwp30p140ffg0p99v0c_ccs
PE_30                  ZeroWireload      tcbn28hpcplusbwp30p140ffg0p99v0c_ccs
PE_31                  ZeroWireload      tcbn28hpcplusbwp30p140ffg0p99v0c_ccs
PE_32                  ZeroWireload      tcbn28hpcplusbwp30p140ffg0p99v0c_ccs
PE_33                  ZeroWireload      tcbn28hpcplusbwp30p140ffg0p99v0c_ccs
PE_34                  ZeroWireload      tcbn28hpcplusbwp30p140ffg0p99v0c_ccs
PE_35                  ZeroWireload      tcbn28hpcplusbwp30p140ffg0p99v0c_ccs
PE_36                  ZeroWireload      tcbn28hpcplusbwp30p140ffg0p99v0c_ccs
PE_37                  ZeroWireload      tcbn28hpcplusbwp30p140ffg0p99v0c_ccs
PE_38                  ZeroWireload      tcbn28hpcplusbwp30p140ffg0p99v0c_ccs
PE_39                  ZeroWireload      tcbn28hpcplusbwp30p140ffg0p99v0c_ccs
PE_40                  ZeroWireload      tcbn28hpcplusbwp30p140ffg0p99v0c_ccs
PE_41                  ZeroWireload      tcbn28hpcplusbwp30p140ffg0p99v0c_ccs
PE_42                  ZeroWireload      tcbn28hpcplusbwp30p140ffg0p99v0c_ccs
PE_43                  ZeroWireload      tcbn28hpcplusbwp30p140ffg0p99v0c_ccs
PE_44                  ZeroWireload      tcbn28hpcplusbwp30p140ffg0p99v0c_ccs
PE_45                  ZeroWireload      tcbn28hpcplusbwp30p140ffg0p99v0c_ccs
PE_46                  ZeroWireload      tcbn28hpcplusbwp30p140ffg0p99v0c_ccs
PE_47                  ZeroWireload      tcbn28hpcplusbwp30p140ffg0p99v0c_ccs
PE_48                  ZeroWireload      tcbn28hpcplusbwp30p140ffg0p99v0c_ccs
PE_49                  ZeroWireload      tcbn28hpcplusbwp30p140ffg0p99v0c_ccs
PE_50                  ZeroWireload      tcbn28hpcplusbwp30p140ffg0p99v0c_ccs
PE_51                  ZeroWireload      tcbn28hpcplusbwp30p140ffg0p99v0c_ccs
PE_52                  ZeroWireload      tcbn28hpcplusbwp30p140ffg0p99v0c_ccs
PE_53                  ZeroWireload      tcbn28hpcplusbwp30p140ffg0p99v0c_ccs
PE_54                  ZeroWireload      tcbn28hpcplusbwp30p140ffg0p99v0c_ccs
PE_55                  ZeroWireload      tcbn28hpcplusbwp30p140ffg0p99v0c_ccs
PE_57                  ZeroWireload      tcbn28hpcplusbwp30p140ffg0p99v0c_ccs
PE_58                  ZeroWireload      tcbn28hpcplusbwp30p140ffg0p99v0c_ccs
PE_59                  ZeroWireload      tcbn28hpcplusbwp30p140ffg0p99v0c_ccs
PE_60                  ZeroWireload      tcbn28hpcplusbwp30p140ffg0p99v0c_ccs
PE_61                  ZeroWireload      tcbn28hpcplusbwp30p140ffg0p99v0c_ccs
PE_62                  ZeroWireload      tcbn28hpcplusbwp30p140ffg0p99v0c_ccs
PE_63                  ZeroWireload      tcbn28hpcplusbwp30p140ffg0p99v0c_ccs
PE_64                  ZeroWireload      tcbn28hpcplusbwp30p140ffg0p99v0c_ccs
PE_65                  ZeroWireload      tcbn28hpcplusbwp30p140ffg0p99v0c_ccs
PE_66                  ZeroWireload      tcbn28hpcplusbwp30p140ffg0p99v0c_ccs
PE_67                  ZeroWireload      tcbn28hpcplusbwp30p140ffg0p99v0c_ccs
PE_68                  ZeroWireload      tcbn28hpcplusbwp30p140ffg0p99v0c_ccs
PE_69                  ZeroWireload      tcbn28hpcplusbwp30p140ffg0p99v0c_ccs
PE_70                  ZeroWireload      tcbn28hpcplusbwp30p140ffg0p99v0c_ccs
PE_71                  ZeroWireload      tcbn28hpcplusbwp30p140ffg0p99v0c_ccs
PE_72                  ZeroWireload      tcbn28hpcplusbwp30p140ffg0p99v0c_ccs
PE_73                  ZeroWireload      tcbn28hpcplusbwp30p140ffg0p99v0c_ccs
PE_74                  ZeroWireload      tcbn28hpcplusbwp30p140ffg0p99v0c_ccs
PE_75                  ZeroWireload      tcbn28hpcplusbwp30p140ffg0p99v0c_ccs
PE_76                  ZeroWireload      tcbn28hpcplusbwp30p140ffg0p99v0c_ccs
PE_77                  ZeroWireload      tcbn28hpcplusbwp30p140ffg0p99v0c_ccs
PE_78                  ZeroWireload      tcbn28hpcplusbwp30p140ffg0p99v0c_ccs
PE_79                  ZeroWireload      tcbn28hpcplusbwp30p140ffg0p99v0c_ccs
PE_80                  ZeroWireload      tcbn28hpcplusbwp30p140ffg0p99v0c_ccs
PE_81                  ZeroWireload      tcbn28hpcplusbwp30p140ffg0p99v0c_ccs
PE_82                  ZeroWireload      tcbn28hpcplusbwp30p140ffg0p99v0c_ccs
PE_83                  ZeroWireload      tcbn28hpcplusbwp30p140ffg0p99v0c_ccs
PE_85                  ZeroWireload      tcbn28hpcplusbwp30p140ffg0p99v0c_ccs
PE_86                  ZeroWireload      tcbn28hpcplusbwp30p140ffg0p99v0c_ccs
PE_87                  ZeroWireload      tcbn28hpcplusbwp30p140ffg0p99v0c_ccs
PE_88                  ZeroWireload      tcbn28hpcplusbwp30p140ffg0p99v0c_ccs
PE_89                  ZeroWireload      tcbn28hpcplusbwp30p140ffg0p99v0c_ccs
PE_90                  ZeroWireload      tcbn28hpcplusbwp30p140ffg0p99v0c_ccs
PE_91                  ZeroWireload      tcbn28hpcplusbwp30p140ffg0p99v0c_ccs
PE_92                  ZeroWireload      tcbn28hpcplusbwp30p140ffg0p99v0c_ccs
PE_93                  ZeroWireload      tcbn28hpcplusbwp30p140ffg0p99v0c_ccs
PE_94                  ZeroWireload      tcbn28hpcplusbwp30p140ffg0p99v0c_ccs
PE_95                  ZeroWireload      tcbn28hpcplusbwp30p140ffg0p99v0c_ccs
PE_96                  ZeroWireload      tcbn28hpcplusbwp30p140ffg0p99v0c_ccs
PE_97                  ZeroWireload      tcbn28hpcplusbwp30p140ffg0p99v0c_ccs
PE_98                  ZeroWireload      tcbn28hpcplusbwp30p140ffg0p99v0c_ccs
PE_99                  ZeroWireload      tcbn28hpcplusbwp30p140ffg0p99v0c_ccs
PE_100                 ZeroWireload      tcbn28hpcplusbwp30p140ffg0p99v0c_ccs
PE_101                 ZeroWireload      tcbn28hpcplusbwp30p140ffg0p99v0c_ccs
PE_102                 ZeroWireload      tcbn28hpcplusbwp30p140ffg0p99v0c_ccs
PE_103                 ZeroWireload      tcbn28hpcplusbwp30p140ffg0p99v0c_ccs
PE_104                 ZeroWireload      tcbn28hpcplusbwp30p140ffg0p99v0c_ccs
PE_105                 ZeroWireload      tcbn28hpcplusbwp30p140ffg0p99v0c_ccs
PE_106                 ZeroWireload      tcbn28hpcplusbwp30p140ffg0p99v0c_ccs
PE_107                 ZeroWireload      tcbn28hpcplusbwp30p140ffg0p99v0c_ccs
PE_108                 ZeroWireload      tcbn28hpcplusbwp30p140ffg0p99v0c_ccs
PE_109                 ZeroWireload      tcbn28hpcplusbwp30p140ffg0p99v0c_ccs
PE_110                 ZeroWireload      tcbn28hpcplusbwp30p140ffg0p99v0c_ccs
PE_111                 ZeroWireload      tcbn28hpcplusbwp30p140ffg0p99v0c_ccs
PE_113                 ZeroWireload      tcbn28hpcplusbwp30p140ffg0p99v0c_ccs
PE_114                 ZeroWireload      tcbn28hpcplusbwp30p140ffg0p99v0c_ccs
PE_115                 ZeroWireload      tcbn28hpcplusbwp30p140ffg0p99v0c_ccs
PE_116                 ZeroWireload      tcbn28hpcplusbwp30p140ffg0p99v0c_ccs
PE_117                 ZeroWireload      tcbn28hpcplusbwp30p140ffg0p99v0c_ccs
PE_118                 ZeroWireload      tcbn28hpcplusbwp30p140ffg0p99v0c_ccs
PE_119                 ZeroWireload      tcbn28hpcplusbwp30p140ffg0p99v0c_ccs
PE_120                 ZeroWireload      tcbn28hpcplusbwp30p140ffg0p99v0c_ccs
PE_121                 ZeroWireload      tcbn28hpcplusbwp30p140ffg0p99v0c_ccs
PE_122                 ZeroWireload      tcbn28hpcplusbwp30p140ffg0p99v0c_ccs
PE_123                 ZeroWireload      tcbn28hpcplusbwp30p140ffg0p99v0c_ccs
PE_124                 ZeroWireload      tcbn28hpcplusbwp30p140ffg0p99v0c_ccs
PE_125                 ZeroWireload      tcbn28hpcplusbwp30p140ffg0p99v0c_ccs
PE_126                 ZeroWireload      tcbn28hpcplusbwp30p140ffg0p99v0c_ccs
PE_127                 ZeroWireload      tcbn28hpcplusbwp30p140ffg0p99v0c_ccs
PE_128                 ZeroWireload      tcbn28hpcplusbwp30p140ffg0p99v0c_ccs
PE_129                 ZeroWireload      tcbn28hpcplusbwp30p140ffg0p99v0c_ccs
PE_130                 ZeroWireload      tcbn28hpcplusbwp30p140ffg0p99v0c_ccs
PE_131                 ZeroWireload      tcbn28hpcplusbwp30p140ffg0p99v0c_ccs
PE_132                 ZeroWireload      tcbn28hpcplusbwp30p140ffg0p99v0c_ccs
PE_133                 ZeroWireload      tcbn28hpcplusbwp30p140ffg0p99v0c_ccs
PE_134                 ZeroWireload      tcbn28hpcplusbwp30p140ffg0p99v0c_ccs
PE_135                 ZeroWireload      tcbn28hpcplusbwp30p140ffg0p99v0c_ccs
PE_136                 ZeroWireload      tcbn28hpcplusbwp30p140ffg0p99v0c_ccs
PE_137                 ZeroWireload      tcbn28hpcplusbwp30p140ffg0p99v0c_ccs
PE_138                 ZeroWireload      tcbn28hpcplusbwp30p140ffg0p99v0c_ccs
PE_139                 ZeroWireload      tcbn28hpcplusbwp30p140ffg0p99v0c_ccs
PE_141                 ZeroWireload      tcbn28hpcplusbwp30p140ffg0p99v0c_ccs
PE_142                 ZeroWireload      tcbn28hpcplusbwp30p140ffg0p99v0c_ccs
PE_143                 ZeroWireload      tcbn28hpcplusbwp30p140ffg0p99v0c_ccs
PE_144                 ZeroWireload      tcbn28hpcplusbwp30p140ffg0p99v0c_ccs
PE_145                 ZeroWireload      tcbn28hpcplusbwp30p140ffg0p99v0c_ccs
PE_146                 ZeroWireload      tcbn28hpcplusbwp30p140ffg0p99v0c_ccs
PE_147                 ZeroWireload      tcbn28hpcplusbwp30p140ffg0p99v0c_ccs
PE_148                 ZeroWireload      tcbn28hpcplusbwp30p140ffg0p99v0c_ccs
PE_149                 ZeroWireload      tcbn28hpcplusbwp30p140ffg0p99v0c_ccs
PE_150                 ZeroWireload      tcbn28hpcplusbwp30p140ffg0p99v0c_ccs
PE_151                 ZeroWireload      tcbn28hpcplusbwp30p140ffg0p99v0c_ccs
PE_152                 ZeroWireload      tcbn28hpcplusbwp30p140ffg0p99v0c_ccs
PE_153                 ZeroWireload      tcbn28hpcplusbwp30p140ffg0p99v0c_ccs
PE_154                 ZeroWireload      tcbn28hpcplusbwp30p140ffg0p99v0c_ccs
PE_155                 ZeroWireload      tcbn28hpcplusbwp30p140ffg0p99v0c_ccs
PE_156                 ZeroWireload      tcbn28hpcplusbwp30p140ffg0p99v0c_ccs
PE_157                 ZeroWireload      tcbn28hpcplusbwp30p140ffg0p99v0c_ccs
PE_158                 ZeroWireload      tcbn28hpcplusbwp30p140ffg0p99v0c_ccs
PE_159                 ZeroWireload      tcbn28hpcplusbwp30p140ffg0p99v0c_ccs
PE_160                 ZeroWireload      tcbn28hpcplusbwp30p140ffg0p99v0c_ccs
PE_161                 ZeroWireload      tcbn28hpcplusbwp30p140ffg0p99v0c_ccs
PE_162                 ZeroWireload      tcbn28hpcplusbwp30p140ffg0p99v0c_ccs
PE_163                 ZeroWireload      tcbn28hpcplusbwp30p140ffg0p99v0c_ccs
PE_164                 ZeroWireload      tcbn28hpcplusbwp30p140ffg0p99v0c_ccs
PE_165                 ZeroWireload      tcbn28hpcplusbwp30p140ffg0p99v0c_ccs
PE_166                 ZeroWireload      tcbn28hpcplusbwp30p140ffg0p99v0c_ccs
PE_167                 ZeroWireload      tcbn28hpcplusbwp30p140ffg0p99v0c_ccs
PE_169                 ZeroWireload      tcbn28hpcplusbwp30p140ffg0p99v0c_ccs
PE_170                 ZeroWireload      tcbn28hpcplusbwp30p140ffg0p99v0c_ccs
PE_171                 ZeroWireload      tcbn28hpcplusbwp30p140ffg0p99v0c_ccs
PE_172                 ZeroWireload      tcbn28hpcplusbwp30p140ffg0p99v0c_ccs
PE_173                 ZeroWireload      tcbn28hpcplusbwp30p140ffg0p99v0c_ccs
PE_174                 ZeroWireload      tcbn28hpcplusbwp30p140ffg0p99v0c_ccs
PE_175                 ZeroWireload      tcbn28hpcplusbwp30p140ffg0p99v0c_ccs
PE_176                 ZeroWireload      tcbn28hpcplusbwp30p140ffg0p99v0c_ccs
PE_177                 ZeroWireload      tcbn28hpcplusbwp30p140ffg0p99v0c_ccs
PE_178                 ZeroWireload      tcbn28hpcplusbwp30p140ffg0p99v0c_ccs
PE_179                 ZeroWireload      tcbn28hpcplusbwp30p140ffg0p99v0c_ccs
PE_180                 ZeroWireload      tcbn28hpcplusbwp30p140ffg0p99v0c_ccs
PE_181                 ZeroWireload      tcbn28hpcplusbwp30p140ffg0p99v0c_ccs
PE_182                 ZeroWireload      tcbn28hpcplusbwp30p140ffg0p99v0c_ccs
PE_183                 ZeroWireload      tcbn28hpcplusbwp30p140ffg0p99v0c_ccs
PE_184                 ZeroWireload      tcbn28hpcplusbwp30p140ffg0p99v0c_ccs
PE_185                 ZeroWireload      tcbn28hpcplusbwp30p140ffg0p99v0c_ccs
PE_186                 ZeroWireload      tcbn28hpcplusbwp30p140ffg0p99v0c_ccs
PE_187                 ZeroWireload      tcbn28hpcplusbwp30p140ffg0p99v0c_ccs
PE_188                 ZeroWireload      tcbn28hpcplusbwp30p140ffg0p99v0c_ccs
PE_189                 ZeroWireload      tcbn28hpcplusbwp30p140ffg0p99v0c_ccs
PE_190                 ZeroWireload      tcbn28hpcplusbwp30p140ffg0p99v0c_ccs
PE_191                 ZeroWireload      tcbn28hpcplusbwp30p140ffg0p99v0c_ccs
PE_192                 ZeroWireload      tcbn28hpcplusbwp30p140ffg0p99v0c_ccs
PE_193                 ZeroWireload      tcbn28hpcplusbwp30p140ffg0p99v0c_ccs
PE_194                 ZeroWireload      tcbn28hpcplusbwp30p140ffg0p99v0c_ccs
PE_195                 ZeroWireload      tcbn28hpcplusbwp30p140ffg0p99v0c_ccs
PE_197                 ZeroWireload      tcbn28hpcplusbwp30p140ffg0p99v0c_ccs
PE_198                 ZeroWireload      tcbn28hpcplusbwp30p140ffg0p99v0c_ccs
PE_199                 ZeroWireload      tcbn28hpcplusbwp30p140ffg0p99v0c_ccs
PE_200                 ZeroWireload      tcbn28hpcplusbwp30p140ffg0p99v0c_ccs
PE_201                 ZeroWireload      tcbn28hpcplusbwp30p140ffg0p99v0c_ccs
PE_202                 ZeroWireload      tcbn28hpcplusbwp30p140ffg0p99v0c_ccs
PE_203                 ZeroWireload      tcbn28hpcplusbwp30p140ffg0p99v0c_ccs
PE_204                 ZeroWireload      tcbn28hpcplusbwp30p140ffg0p99v0c_ccs
PE_205                 ZeroWireload      tcbn28hpcplusbwp30p140ffg0p99v0c_ccs
PE_206                 ZeroWireload      tcbn28hpcplusbwp30p140ffg0p99v0c_ccs
PE_207                 ZeroWireload      tcbn28hpcplusbwp30p140ffg0p99v0c_ccs
PE_208                 ZeroWireload      tcbn28hpcplusbwp30p140ffg0p99v0c_ccs
PE_209                 ZeroWireload      tcbn28hpcplusbwp30p140ffg0p99v0c_ccs
PE_210                 ZeroWireload      tcbn28hpcplusbwp30p140ffg0p99v0c_ccs
PE_211                 ZeroWireload      tcbn28hpcplusbwp30p140ffg0p99v0c_ccs
PE_212                 ZeroWireload      tcbn28hpcplusbwp30p140ffg0p99v0c_ccs
PE_213                 ZeroWireload      tcbn28hpcplusbwp30p140ffg0p99v0c_ccs
PE_214                 ZeroWireload      tcbn28hpcplusbwp30p140ffg0p99v0c_ccs
PE_215                 ZeroWireload      tcbn28hpcplusbwp30p140ffg0p99v0c_ccs
PE_216                 ZeroWireload      tcbn28hpcplusbwp30p140ffg0p99v0c_ccs
PE_217                 ZeroWireload      tcbn28hpcplusbwp30p140ffg0p99v0c_ccs
PE_218                 ZeroWireload      tcbn28hpcplusbwp30p140ffg0p99v0c_ccs
PE_219                 ZeroWireload      tcbn28hpcplusbwp30p140ffg0p99v0c_ccs
PE_220                 ZeroWireload      tcbn28hpcplusbwp30p140ffg0p99v0c_ccs
PE_221                 ZeroWireload      tcbn28hpcplusbwp30p140ffg0p99v0c_ccs
PE_222                 ZeroWireload      tcbn28hpcplusbwp30p140ffg0p99v0c_ccs
PE_223                 ZeroWireload      tcbn28hpcplusbwp30p140ffg0p99v0c_ccs
PE_225                 ZeroWireload      tcbn28hpcplusbwp30p140ffg0p99v0c_ccs
PE_226                 ZeroWireload      tcbn28hpcplusbwp30p140ffg0p99v0c_ccs
PE_227                 ZeroWireload      tcbn28hpcplusbwp30p140ffg0p99v0c_ccs
PE_228                 ZeroWireload      tcbn28hpcplusbwp30p140ffg0p99v0c_ccs
PE_229                 ZeroWireload      tcbn28hpcplusbwp30p140ffg0p99v0c_ccs
PE_230                 ZeroWireload      tcbn28hpcplusbwp30p140ffg0p99v0c_ccs
PE_231                 ZeroWireload      tcbn28hpcplusbwp30p140ffg0p99v0c_ccs
PE_232                 ZeroWireload      tcbn28hpcplusbwp30p140ffg0p99v0c_ccs
PE_233                 ZeroWireload      tcbn28hpcplusbwp30p140ffg0p99v0c_ccs
PE_234                 ZeroWireload      tcbn28hpcplusbwp30p140ffg0p99v0c_ccs
PE_235                 ZeroWireload      tcbn28hpcplusbwp30p140ffg0p99v0c_ccs
PE_236                 ZeroWireload      tcbn28hpcplusbwp30p140ffg0p99v0c_ccs
PE_237                 ZeroWireload      tcbn28hpcplusbwp30p140ffg0p99v0c_ccs
PE_238                 ZeroWireload      tcbn28hpcplusbwp30p140ffg0p99v0c_ccs
PE_239                 ZeroWireload      tcbn28hpcplusbwp30p140ffg0p99v0c_ccs
PE_240                 ZeroWireload      tcbn28hpcplusbwp30p140ffg0p99v0c_ccs
PE_241                 ZeroWireload      tcbn28hpcplusbwp30p140ffg0p99v0c_ccs
PE_242                 ZeroWireload      tcbn28hpcplusbwp30p140ffg0p99v0c_ccs
PE_243                 ZeroWireload      tcbn28hpcplusbwp30p140ffg0p99v0c_ccs
PE_244                 ZeroWireload      tcbn28hpcplusbwp30p140ffg0p99v0c_ccs
PE_245                 ZeroWireload      tcbn28hpcplusbwp30p140ffg0p99v0c_ccs
PE_246                 ZeroWireload      tcbn28hpcplusbwp30p140ffg0p99v0c_ccs
PE_247                 ZeroWireload      tcbn28hpcplusbwp30p140ffg0p99v0c_ccs
PE_248                 ZeroWireload      tcbn28hpcplusbwp30p140ffg0p99v0c_ccs
PE_249                 ZeroWireload      tcbn28hpcplusbwp30p140ffg0p99v0c_ccs
PE_250                 ZeroWireload      tcbn28hpcplusbwp30p140ffg0p99v0c_ccs
PE_251                 ZeroWireload      tcbn28hpcplusbwp30p140ffg0p99v0c_ccs
PE_253                 ZeroWireload      tcbn28hpcplusbwp30p140ffg0p99v0c_ccs
PE_254                 ZeroWireload      tcbn28hpcplusbwp30p140ffg0p99v0c_ccs
PE_255                 ZeroWireload      tcbn28hpcplusbwp30p140ffg0p99v0c_ccs
PE_256                 ZeroWireload      tcbn28hpcplusbwp30p140ffg0p99v0c_ccs
PE_257                 ZeroWireload      tcbn28hpcplusbwp30p140ffg0p99v0c_ccs
PE_258                 ZeroWireload      tcbn28hpcplusbwp30p140ffg0p99v0c_ccs
PE_259                 ZeroWireload      tcbn28hpcplusbwp30p140ffg0p99v0c_ccs
PE_260                 ZeroWireload      tcbn28hpcplusbwp30p140ffg0p99v0c_ccs
PE_261                 ZeroWireload      tcbn28hpcplusbwp30p140ffg0p99v0c_ccs
PE_262                 ZeroWireload      tcbn28hpcplusbwp30p140ffg0p99v0c_ccs
PE_263                 ZeroWireload      tcbn28hpcplusbwp30p140ffg0p99v0c_ccs
PE_264                 ZeroWireload      tcbn28hpcplusbwp30p140ffg0p99v0c_ccs
PE_265                 ZeroWireload      tcbn28hpcplusbwp30p140ffg0p99v0c_ccs
PE_266                 ZeroWireload      tcbn28hpcplusbwp30p140ffg0p99v0c_ccs
PE_267                 ZeroWireload      tcbn28hpcplusbwp30p140ffg0p99v0c_ccs
PE_268                 ZeroWireload      tcbn28hpcplusbwp30p140ffg0p99v0c_ccs
PE_269                 ZeroWireload      tcbn28hpcplusbwp30p140ffg0p99v0c_ccs
PE_270                 ZeroWireload      tcbn28hpcplusbwp30p140ffg0p99v0c_ccs
PE_271                 ZeroWireload      tcbn28hpcplusbwp30p140ffg0p99v0c_ccs
PE_272                 ZeroWireload      tcbn28hpcplusbwp30p140ffg0p99v0c_ccs
PE_273                 ZeroWireload      tcbn28hpcplusbwp30p140ffg0p99v0c_ccs
PE_274                 ZeroWireload      tcbn28hpcplusbwp30p140ffg0p99v0c_ccs
PE_275                 ZeroWireload      tcbn28hpcplusbwp30p140ffg0p99v0c_ccs
PE_276                 ZeroWireload      tcbn28hpcplusbwp30p140ffg0p99v0c_ccs
PE_277                 ZeroWireload      tcbn28hpcplusbwp30p140ffg0p99v0c_ccs
PE_278                 ZeroWireload      tcbn28hpcplusbwp30p140ffg0p99v0c_ccs
PE_279                 ZeroWireload      tcbn28hpcplusbwp30p140ffg0p99v0c_ccs
PE_281                 ZeroWireload      tcbn28hpcplusbwp30p140ffg0p99v0c_ccs
PE_282                 ZeroWireload      tcbn28hpcplusbwp30p140ffg0p99v0c_ccs
PE_283                 ZeroWireload      tcbn28hpcplusbwp30p140ffg0p99v0c_ccs
PE_284                 ZeroWireload      tcbn28hpcplusbwp30p140ffg0p99v0c_ccs
PE_285                 ZeroWireload      tcbn28hpcplusbwp30p140ffg0p99v0c_ccs
PE_286                 ZeroWireload      tcbn28hpcplusbwp30p140ffg0p99v0c_ccs
PE_287                 ZeroWireload      tcbn28hpcplusbwp30p140ffg0p99v0c_ccs
PE_288                 ZeroWireload      tcbn28hpcplusbwp30p140ffg0p99v0c_ccs
PE_289                 ZeroWireload      tcbn28hpcplusbwp30p140ffg0p99v0c_ccs
PE_290                 ZeroWireload      tcbn28hpcplusbwp30p140ffg0p99v0c_ccs
PE_291                 ZeroWireload      tcbn28hpcplusbwp30p140ffg0p99v0c_ccs
PE_292                 ZeroWireload      tcbn28hpcplusbwp30p140ffg0p99v0c_ccs
PE_293                 ZeroWireload      tcbn28hpcplusbwp30p140ffg0p99v0c_ccs
PE_294                 ZeroWireload      tcbn28hpcplusbwp30p140ffg0p99v0c_ccs
PE_295                 ZeroWireload      tcbn28hpcplusbwp30p140ffg0p99v0c_ccs
PE_296                 ZeroWireload      tcbn28hpcplusbwp30p140ffg0p99v0c_ccs
PE_297                 ZeroWireload      tcbn28hpcplusbwp30p140ffg0p99v0c_ccs
PE_298                 ZeroWireload      tcbn28hpcplusbwp30p140ffg0p99v0c_ccs
PE_299                 ZeroWireload      tcbn28hpcplusbwp30p140ffg0p99v0c_ccs
PE_300                 ZeroWireload      tcbn28hpcplusbwp30p140ffg0p99v0c_ccs
PE_301                 ZeroWireload      tcbn28hpcplusbwp30p140ffg0p99v0c_ccs
PE_302                 ZeroWireload      tcbn28hpcplusbwp30p140ffg0p99v0c_ccs
PE_303                 ZeroWireload      tcbn28hpcplusbwp30p140ffg0p99v0c_ccs
PE_304                 ZeroWireload      tcbn28hpcplusbwp30p140ffg0p99v0c_ccs
PE_305                 ZeroWireload      tcbn28hpcplusbwp30p140ffg0p99v0c_ccs
PE_306                 ZeroWireload      tcbn28hpcplusbwp30p140ffg0p99v0c_ccs
PE_307                 ZeroWireload      tcbn28hpcplusbwp30p140ffg0p99v0c_ccs
PE_309                 ZeroWireload      tcbn28hpcplusbwp30p140ffg0p99v0c_ccs
PE_310                 ZeroWireload      tcbn28hpcplusbwp30p140ffg0p99v0c_ccs
PE_311                 ZeroWireload      tcbn28hpcplusbwp30p140ffg0p99v0c_ccs
PE_312                 ZeroWireload      tcbn28hpcplusbwp30p140ffg0p99v0c_ccs
PE_313                 ZeroWireload      tcbn28hpcplusbwp30p140ffg0p99v0c_ccs
PE_314                 ZeroWireload      tcbn28hpcplusbwp30p140ffg0p99v0c_ccs
PE_315                 ZeroWireload      tcbn28hpcplusbwp30p140ffg0p99v0c_ccs
PE_316                 ZeroWireload      tcbn28hpcplusbwp30p140ffg0p99v0c_ccs
PE_317                 ZeroWireload      tcbn28hpcplusbwp30p140ffg0p99v0c_ccs
PE_318                 ZeroWireload      tcbn28hpcplusbwp30p140ffg0p99v0c_ccs
PE_319                 ZeroWireload      tcbn28hpcplusbwp30p140ffg0p99v0c_ccs
PE_320                 ZeroWireload      tcbn28hpcplusbwp30p140ffg0p99v0c_ccs
PE_321                 ZeroWireload      tcbn28hpcplusbwp30p140ffg0p99v0c_ccs
PE_322                 ZeroWireload      tcbn28hpcplusbwp30p140ffg0p99v0c_ccs
PE_323                 ZeroWireload      tcbn28hpcplusbwp30p140ffg0p99v0c_ccs
PE_324                 ZeroWireload      tcbn28hpcplusbwp30p140ffg0p99v0c_ccs
PE_325                 ZeroWireload      tcbn28hpcplusbwp30p140ffg0p99v0c_ccs
PE_326                 ZeroWireload      tcbn28hpcplusbwp30p140ffg0p99v0c_ccs
PE_327                 ZeroWireload      tcbn28hpcplusbwp30p140ffg0p99v0c_ccs
PE_328                 ZeroWireload      tcbn28hpcplusbwp30p140ffg0p99v0c_ccs
PE_329                 ZeroWireload      tcbn28hpcplusbwp30p140ffg0p99v0c_ccs
PE_330                 ZeroWireload      tcbn28hpcplusbwp30p140ffg0p99v0c_ccs
PE_331                 ZeroWireload      tcbn28hpcplusbwp30p140ffg0p99v0c_ccs
PE_332                 ZeroWireload      tcbn28hpcplusbwp30p140ffg0p99v0c_ccs
PE_333                 ZeroWireload      tcbn28hpcplusbwp30p140ffg0p99v0c_ccs
PE_334                 ZeroWireload      tcbn28hpcplusbwp30p140ffg0p99v0c_ccs
PE_335                 ZeroWireload      tcbn28hpcplusbwp30p140ffg0p99v0c_ccs
PE_337                 ZeroWireload      tcbn28hpcplusbwp30p140ffg0p99v0c_ccs
PE_338                 ZeroWireload      tcbn28hpcplusbwp30p140ffg0p99v0c_ccs
PE_339                 ZeroWireload      tcbn28hpcplusbwp30p140ffg0p99v0c_ccs
PE_340                 ZeroWireload      tcbn28hpcplusbwp30p140ffg0p99v0c_ccs
PE_341                 ZeroWireload      tcbn28hpcplusbwp30p140ffg0p99v0c_ccs
PE_342                 ZeroWireload      tcbn28hpcplusbwp30p140ffg0p99v0c_ccs
PE_343                 ZeroWireload      tcbn28hpcplusbwp30p140ffg0p99v0c_ccs
PE_344                 ZeroWireload      tcbn28hpcplusbwp30p140ffg0p99v0c_ccs
PE_345                 ZeroWireload      tcbn28hpcplusbwp30p140ffg0p99v0c_ccs
PE_346                 ZeroWireload      tcbn28hpcplusbwp30p140ffg0p99v0c_ccs
PE_347                 ZeroWireload      tcbn28hpcplusbwp30p140ffg0p99v0c_ccs
PE_348                 ZeroWireload      tcbn28hpcplusbwp30p140ffg0p99v0c_ccs
PE_349                 ZeroWireload      tcbn28hpcplusbwp30p140ffg0p99v0c_ccs
PE_350                 ZeroWireload      tcbn28hpcplusbwp30p140ffg0p99v0c_ccs
PE_351                 ZeroWireload      tcbn28hpcplusbwp30p140ffg0p99v0c_ccs
PE_352                 ZeroWireload      tcbn28hpcplusbwp30p140ffg0p99v0c_ccs
PE_353                 ZeroWireload      tcbn28hpcplusbwp30p140ffg0p99v0c_ccs
PE_354                 ZeroWireload      tcbn28hpcplusbwp30p140ffg0p99v0c_ccs
PE_355                 ZeroWireload      tcbn28hpcplusbwp30p140ffg0p99v0c_ccs
PE_356                 ZeroWireload      tcbn28hpcplusbwp30p140ffg0p99v0c_ccs
PE_357                 ZeroWireload      tcbn28hpcplusbwp30p140ffg0p99v0c_ccs
PE_358                 ZeroWireload      tcbn28hpcplusbwp30p140ffg0p99v0c_ccs
PE_359                 ZeroWireload      tcbn28hpcplusbwp30p140ffg0p99v0c_ccs
PE_360                 ZeroWireload      tcbn28hpcplusbwp30p140ffg0p99v0c_ccs
PE_361                 ZeroWireload      tcbn28hpcplusbwp30p140ffg0p99v0c_ccs
PE_362                 ZeroWireload      tcbn28hpcplusbwp30p140ffg0p99v0c_ccs
PE_363                 ZeroWireload      tcbn28hpcplusbwp30p140ffg0p99v0c_ccs
PE_365                 ZeroWireload      tcbn28hpcplusbwp30p140ffg0p99v0c_ccs
PE_366                 ZeroWireload      tcbn28hpcplusbwp30p140ffg0p99v0c_ccs
PE_367                 ZeroWireload      tcbn28hpcplusbwp30p140ffg0p99v0c_ccs
PE_368                 ZeroWireload      tcbn28hpcplusbwp30p140ffg0p99v0c_ccs
PE_369                 ZeroWireload      tcbn28hpcplusbwp30p140ffg0p99v0c_ccs
PE_370                 ZeroWireload      tcbn28hpcplusbwp30p140ffg0p99v0c_ccs
PE_371                 ZeroWireload      tcbn28hpcplusbwp30p140ffg0p99v0c_ccs
PE_372                 ZeroWireload      tcbn28hpcplusbwp30p140ffg0p99v0c_ccs
PE_373                 ZeroWireload      tcbn28hpcplusbwp30p140ffg0p99v0c_ccs
PE_374                 ZeroWireload      tcbn28hpcplusbwp30p140ffg0p99v0c_ccs
PE_375                 ZeroWireload      tcbn28hpcplusbwp30p140ffg0p99v0c_ccs
PE_376                 ZeroWireload      tcbn28hpcplusbwp30p140ffg0p99v0c_ccs
PE_377                 ZeroWireload      tcbn28hpcplusbwp30p140ffg0p99v0c_ccs
PE_378                 ZeroWireload      tcbn28hpcplusbwp30p140ffg0p99v0c_ccs
PE_379                 ZeroWireload      tcbn28hpcplusbwp30p140ffg0p99v0c_ccs
PE_380                 ZeroWireload      tcbn28hpcplusbwp30p140ffg0p99v0c_ccs
PE_381                 ZeroWireload      tcbn28hpcplusbwp30p140ffg0p99v0c_ccs
PE_382                 ZeroWireload      tcbn28hpcplusbwp30p140ffg0p99v0c_ccs
PE_383                 ZeroWireload      tcbn28hpcplusbwp30p140ffg0p99v0c_ccs
PE_384                 ZeroWireload      tcbn28hpcplusbwp30p140ffg0p99v0c_ccs
PE_385                 ZeroWireload      tcbn28hpcplusbwp30p140ffg0p99v0c_ccs
PE_386                 ZeroWireload      tcbn28hpcplusbwp30p140ffg0p99v0c_ccs
PE_387                 ZeroWireload      tcbn28hpcplusbwp30p140ffg0p99v0c_ccs
PE_388                 ZeroWireload      tcbn28hpcplusbwp30p140ffg0p99v0c_ccs
PE_389                 ZeroWireload      tcbn28hpcplusbwp30p140ffg0p99v0c_ccs
PE_390                 ZeroWireload      tcbn28hpcplusbwp30p140ffg0p99v0c_ccs
PE_391                 ZeroWireload      tcbn28hpcplusbwp30p140ffg0p99v0c_ccs
PE_393                 ZeroWireload      tcbn28hpcplusbwp30p140ffg0p99v0c_ccs
PE_394                 ZeroWireload      tcbn28hpcplusbwp30p140ffg0p99v0c_ccs
PE_395                 ZeroWireload      tcbn28hpcplusbwp30p140ffg0p99v0c_ccs
PE_396                 ZeroWireload      tcbn28hpcplusbwp30p140ffg0p99v0c_ccs
PE_397                 ZeroWireload      tcbn28hpcplusbwp30p140ffg0p99v0c_ccs
PE_398                 ZeroWireload      tcbn28hpcplusbwp30p140ffg0p99v0c_ccs
PE_399                 ZeroWireload      tcbn28hpcplusbwp30p140ffg0p99v0c_ccs
PE_400                 ZeroWireload      tcbn28hpcplusbwp30p140ffg0p99v0c_ccs
PE_401                 ZeroWireload      tcbn28hpcplusbwp30p140ffg0p99v0c_ccs
PE_402                 ZeroWireload      tcbn28hpcplusbwp30p140ffg0p99v0c_ccs
PE_403                 ZeroWireload      tcbn28hpcplusbwp30p140ffg0p99v0c_ccs
PE_404                 ZeroWireload      tcbn28hpcplusbwp30p140ffg0p99v0c_ccs
PE_405                 ZeroWireload      tcbn28hpcplusbwp30p140ffg0p99v0c_ccs
PE_406                 ZeroWireload      tcbn28hpcplusbwp30p140ffg0p99v0c_ccs
PE_407                 ZeroWireload      tcbn28hpcplusbwp30p140ffg0p99v0c_ccs
PE_408                 ZeroWireload      tcbn28hpcplusbwp30p140ffg0p99v0c_ccs
PE_409                 ZeroWireload      tcbn28hpcplusbwp30p140ffg0p99v0c_ccs
PE_410                 ZeroWireload      tcbn28hpcplusbwp30p140ffg0p99v0c_ccs
PE_411                 ZeroWireload      tcbn28hpcplusbwp30p140ffg0p99v0c_ccs
PE_412                 ZeroWireload      tcbn28hpcplusbwp30p140ffg0p99v0c_ccs
PE_413                 ZeroWireload      tcbn28hpcplusbwp30p140ffg0p99v0c_ccs
PE_414                 ZeroWireload      tcbn28hpcplusbwp30p140ffg0p99v0c_ccs
PE_415                 ZeroWireload      tcbn28hpcplusbwp30p140ffg0p99v0c_ccs
PE_416                 ZeroWireload      tcbn28hpcplusbwp30p140ffg0p99v0c_ccs
PE_417                 ZeroWireload      tcbn28hpcplusbwp30p140ffg0p99v0c_ccs
PE_418                 ZeroWireload      tcbn28hpcplusbwp30p140ffg0p99v0c_ccs
PE_419                 ZeroWireload      tcbn28hpcplusbwp30p140ffg0p99v0c_ccs
PE_421                 ZeroWireload      tcbn28hpcplusbwp30p140ffg0p99v0c_ccs
PE_422                 ZeroWireload      tcbn28hpcplusbwp30p140ffg0p99v0c_ccs
PE_423                 ZeroWireload      tcbn28hpcplusbwp30p140ffg0p99v0c_ccs
PE_424                 ZeroWireload      tcbn28hpcplusbwp30p140ffg0p99v0c_ccs
PE_425                 ZeroWireload      tcbn28hpcplusbwp30p140ffg0p99v0c_ccs
PE_426                 ZeroWireload      tcbn28hpcplusbwp30p140ffg0p99v0c_ccs
PE_427                 ZeroWireload      tcbn28hpcplusbwp30p140ffg0p99v0c_ccs
PE_428                 ZeroWireload      tcbn28hpcplusbwp30p140ffg0p99v0c_ccs
PE_429                 ZeroWireload      tcbn28hpcplusbwp30p140ffg0p99v0c_ccs
PE_430                 ZeroWireload      tcbn28hpcplusbwp30p140ffg0p99v0c_ccs
PE_431                 ZeroWireload      tcbn28hpcplusbwp30p140ffg0p99v0c_ccs
PE_432                 ZeroWireload      tcbn28hpcplusbwp30p140ffg0p99v0c_ccs
PE_433                 ZeroWireload      tcbn28hpcplusbwp30p140ffg0p99v0c_ccs
PE_434                 ZeroWireload      tcbn28hpcplusbwp30p140ffg0p99v0c_ccs
PE_435                 ZeroWireload      tcbn28hpcplusbwp30p140ffg0p99v0c_ccs
PE_436                 ZeroWireload      tcbn28hpcplusbwp30p140ffg0p99v0c_ccs
PE_437                 ZeroWireload      tcbn28hpcplusbwp30p140ffg0p99v0c_ccs
PE_438                 ZeroWireload      tcbn28hpcplusbwp30p140ffg0p99v0c_ccs
PE_439                 ZeroWireload      tcbn28hpcplusbwp30p140ffg0p99v0c_ccs
PE_440                 ZeroWireload      tcbn28hpcplusbwp30p140ffg0p99v0c_ccs
PE_441                 ZeroWireload      tcbn28hpcplusbwp30p140ffg0p99v0c_ccs
PE_442                 ZeroWireload      tcbn28hpcplusbwp30p140ffg0p99v0c_ccs
PE_443                 ZeroWireload      tcbn28hpcplusbwp30p140ffg0p99v0c_ccs
PE_444                 ZeroWireload      tcbn28hpcplusbwp30p140ffg0p99v0c_ccs
PE_445                 ZeroWireload      tcbn28hpcplusbwp30p140ffg0p99v0c_ccs
PE_446                 ZeroWireload      tcbn28hpcplusbwp30p140ffg0p99v0c_ccs
PE_447                 ZeroWireload      tcbn28hpcplusbwp30p140ffg0p99v0c_ccs
PE_449                 ZeroWireload      tcbn28hpcplusbwp30p140ffg0p99v0c_ccs
PE_450                 ZeroWireload      tcbn28hpcplusbwp30p140ffg0p99v0c_ccs
PE_451                 ZeroWireload      tcbn28hpcplusbwp30p140ffg0p99v0c_ccs
PE_452                 ZeroWireload      tcbn28hpcplusbwp30p140ffg0p99v0c_ccs
PE_453                 ZeroWireload      tcbn28hpcplusbwp30p140ffg0p99v0c_ccs
PE_454                 ZeroWireload      tcbn28hpcplusbwp30p140ffg0p99v0c_ccs
PE_455                 ZeroWireload      tcbn28hpcplusbwp30p140ffg0p99v0c_ccs
PE_456                 ZeroWireload      tcbn28hpcplusbwp30p140ffg0p99v0c_ccs
PE_457                 ZeroWireload      tcbn28hpcplusbwp30p140ffg0p99v0c_ccs
PE_458                 ZeroWireload      tcbn28hpcplusbwp30p140ffg0p99v0c_ccs
PE_459                 ZeroWireload      tcbn28hpcplusbwp30p140ffg0p99v0c_ccs
PE_460                 ZeroWireload      tcbn28hpcplusbwp30p140ffg0p99v0c_ccs
PE_461                 ZeroWireload      tcbn28hpcplusbwp30p140ffg0p99v0c_ccs
PE_462                 ZeroWireload      tcbn28hpcplusbwp30p140ffg0p99v0c_ccs
PE_463                 ZeroWireload      tcbn28hpcplusbwp30p140ffg0p99v0c_ccs
PE_464                 ZeroWireload      tcbn28hpcplusbwp30p140ffg0p99v0c_ccs
PE_465                 ZeroWireload      tcbn28hpcplusbwp30p140ffg0p99v0c_ccs
PE_466                 ZeroWireload      tcbn28hpcplusbwp30p140ffg0p99v0c_ccs
PE_467                 ZeroWireload      tcbn28hpcplusbwp30p140ffg0p99v0c_ccs
PE_468                 ZeroWireload      tcbn28hpcplusbwp30p140ffg0p99v0c_ccs
PE_469                 ZeroWireload      tcbn28hpcplusbwp30p140ffg0p99v0c_ccs
PE_470                 ZeroWireload      tcbn28hpcplusbwp30p140ffg0p99v0c_ccs
PE_471                 ZeroWireload      tcbn28hpcplusbwp30p140ffg0p99v0c_ccs
PE_472                 ZeroWireload      tcbn28hpcplusbwp30p140ffg0p99v0c_ccs
PE_473                 ZeroWireload      tcbn28hpcplusbwp30p140ffg0p99v0c_ccs
PE_474                 ZeroWireload      tcbn28hpcplusbwp30p140ffg0p99v0c_ccs
PE_475                 ZeroWireload      tcbn28hpcplusbwp30p140ffg0p99v0c_ccs
PE_477                 ZeroWireload      tcbn28hpcplusbwp30p140ffg0p99v0c_ccs
PE_478                 ZeroWireload      tcbn28hpcplusbwp30p140ffg0p99v0c_ccs
PE_479                 ZeroWireload      tcbn28hpcplusbwp30p140ffg0p99v0c_ccs
PE_480                 ZeroWireload      tcbn28hpcplusbwp30p140ffg0p99v0c_ccs
PE_481                 ZeroWireload      tcbn28hpcplusbwp30p140ffg0p99v0c_ccs
PE_482                 ZeroWireload      tcbn28hpcplusbwp30p140ffg0p99v0c_ccs
PE_483                 ZeroWireload      tcbn28hpcplusbwp30p140ffg0p99v0c_ccs
PE_484                 ZeroWireload      tcbn28hpcplusbwp30p140ffg0p99v0c_ccs
PE_485                 ZeroWireload      tcbn28hpcplusbwp30p140ffg0p99v0c_ccs
PE_486                 ZeroWireload      tcbn28hpcplusbwp30p140ffg0p99v0c_ccs
PE_487                 ZeroWireload      tcbn28hpcplusbwp30p140ffg0p99v0c_ccs
PE_488                 ZeroWireload      tcbn28hpcplusbwp30p140ffg0p99v0c_ccs
PE_489                 ZeroWireload      tcbn28hpcplusbwp30p140ffg0p99v0c_ccs
PE_490                 ZeroWireload      tcbn28hpcplusbwp30p140ffg0p99v0c_ccs
PE_491                 ZeroWireload      tcbn28hpcplusbwp30p140ffg0p99v0c_ccs
PE_492                 ZeroWireload      tcbn28hpcplusbwp30p140ffg0p99v0c_ccs
PE_493                 ZeroWireload      tcbn28hpcplusbwp30p140ffg0p99v0c_ccs
PE_494                 ZeroWireload      tcbn28hpcplusbwp30p140ffg0p99v0c_ccs
PE_495                 ZeroWireload      tcbn28hpcplusbwp30p140ffg0p99v0c_ccs
PE_496                 ZeroWireload      tcbn28hpcplusbwp30p140ffg0p99v0c_ccs
PE_497                 ZeroWireload      tcbn28hpcplusbwp30p140ffg0p99v0c_ccs
PE_498                 ZeroWireload      tcbn28hpcplusbwp30p140ffg0p99v0c_ccs
PE_499                 ZeroWireload      tcbn28hpcplusbwp30p140ffg0p99v0c_ccs
PE_500                 ZeroWireload      tcbn28hpcplusbwp30p140ffg0p99v0c_ccs
PE_501                 ZeroWireload      tcbn28hpcplusbwp30p140ffg0p99v0c_ccs
PE_502                 ZeroWireload      tcbn28hpcplusbwp30p140ffg0p99v0c_ccs
PE_503                 ZeroWireload      tcbn28hpcplusbwp30p140ffg0p99v0c_ccs
PE_505                 ZeroWireload      tcbn28hpcplusbwp30p140ffg0p99v0c_ccs
PE_506                 ZeroWireload      tcbn28hpcplusbwp30p140ffg0p99v0c_ccs
PE_507                 ZeroWireload      tcbn28hpcplusbwp30p140ffg0p99v0c_ccs
PE_508                 ZeroWireload      tcbn28hpcplusbwp30p140ffg0p99v0c_ccs
PE_509                 ZeroWireload      tcbn28hpcplusbwp30p140ffg0p99v0c_ccs
PE_510                 ZeroWireload      tcbn28hpcplusbwp30p140ffg0p99v0c_ccs
PE_511                 ZeroWireload      tcbn28hpcplusbwp30p140ffg0p99v0c_ccs
PE_512                 ZeroWireload      tcbn28hpcplusbwp30p140ffg0p99v0c_ccs
PE_513                 ZeroWireload      tcbn28hpcplusbwp30p140ffg0p99v0c_ccs
PE_514                 ZeroWireload      tcbn28hpcplusbwp30p140ffg0p99v0c_ccs
PE_515                 ZeroWireload      tcbn28hpcplusbwp30p140ffg0p99v0c_ccs
PE_516                 ZeroWireload      tcbn28hpcplusbwp30p140ffg0p99v0c_ccs
PE_517                 ZeroWireload      tcbn28hpcplusbwp30p140ffg0p99v0c_ccs
PE_518                 ZeroWireload      tcbn28hpcplusbwp30p140ffg0p99v0c_ccs
PE_519                 ZeroWireload      tcbn28hpcplusbwp30p140ffg0p99v0c_ccs
PE_520                 ZeroWireload      tcbn28hpcplusbwp30p140ffg0p99v0c_ccs
PE_521                 ZeroWireload      tcbn28hpcplusbwp30p140ffg0p99v0c_ccs
PE_522                 ZeroWireload      tcbn28hpcplusbwp30p140ffg0p99v0c_ccs
PE_523                 ZeroWireload      tcbn28hpcplusbwp30p140ffg0p99v0c_ccs
PE_524                 ZeroWireload      tcbn28hpcplusbwp30p140ffg0p99v0c_ccs
PE_525                 ZeroWireload      tcbn28hpcplusbwp30p140ffg0p99v0c_ccs
PE_526                 ZeroWireload      tcbn28hpcplusbwp30p140ffg0p99v0c_ccs
PE_527                 ZeroWireload      tcbn28hpcplusbwp30p140ffg0p99v0c_ccs
PE_528                 ZeroWireload      tcbn28hpcplusbwp30p140ffg0p99v0c_ccs
PE_529                 ZeroWireload      tcbn28hpcplusbwp30p140ffg0p99v0c_ccs
PE_530                 ZeroWireload      tcbn28hpcplusbwp30p140ffg0p99v0c_ccs
PE_531                 ZeroWireload      tcbn28hpcplusbwp30p140ffg0p99v0c_ccs
PE_533                 ZeroWireload      tcbn28hpcplusbwp30p140ffg0p99v0c_ccs
PE_534                 ZeroWireload      tcbn28hpcplusbwp30p140ffg0p99v0c_ccs
PE_535                 ZeroWireload      tcbn28hpcplusbwp30p140ffg0p99v0c_ccs
PE_536                 ZeroWireload      tcbn28hpcplusbwp30p140ffg0p99v0c_ccs
PE_537                 ZeroWireload      tcbn28hpcplusbwp30p140ffg0p99v0c_ccs
PE_538                 ZeroWireload      tcbn28hpcplusbwp30p140ffg0p99v0c_ccs
PE_539                 ZeroWireload      tcbn28hpcplusbwp30p140ffg0p99v0c_ccs
PE_540                 ZeroWireload      tcbn28hpcplusbwp30p140ffg0p99v0c_ccs
PE_541                 ZeroWireload      tcbn28hpcplusbwp30p140ffg0p99v0c_ccs
PE_542                 ZeroWireload      tcbn28hpcplusbwp30p140ffg0p99v0c_ccs
PE_543                 ZeroWireload      tcbn28hpcplusbwp30p140ffg0p99v0c_ccs
PE_544                 ZeroWireload      tcbn28hpcplusbwp30p140ffg0p99v0c_ccs
PE_545                 ZeroWireload      tcbn28hpcplusbwp30p140ffg0p99v0c_ccs
PE_546                 ZeroWireload      tcbn28hpcplusbwp30p140ffg0p99v0c_ccs
PE_547                 ZeroWireload      tcbn28hpcplusbwp30p140ffg0p99v0c_ccs
PE_548                 ZeroWireload      tcbn28hpcplusbwp30p140ffg0p99v0c_ccs
PE_549                 ZeroWireload      tcbn28hpcplusbwp30p140ffg0p99v0c_ccs
PE_550                 ZeroWireload      tcbn28hpcplusbwp30p140ffg0p99v0c_ccs
PE_551                 ZeroWireload      tcbn28hpcplusbwp30p140ffg0p99v0c_ccs
PE_552                 ZeroWireload      tcbn28hpcplusbwp30p140ffg0p99v0c_ccs
PE_553                 ZeroWireload      tcbn28hpcplusbwp30p140ffg0p99v0c_ccs
PE_554                 ZeroWireload      tcbn28hpcplusbwp30p140ffg0p99v0c_ccs
PE_555                 ZeroWireload      tcbn28hpcplusbwp30p140ffg0p99v0c_ccs
PE_556                 ZeroWireload      tcbn28hpcplusbwp30p140ffg0p99v0c_ccs
PE_557                 ZeroWireload      tcbn28hpcplusbwp30p140ffg0p99v0c_ccs
PE_558                 ZeroWireload      tcbn28hpcplusbwp30p140ffg0p99v0c_ccs
PE_559                 ZeroWireload      tcbn28hpcplusbwp30p140ffg0p99v0c_ccs
PE_561                 ZeroWireload      tcbn28hpcplusbwp30p140ffg0p99v0c_ccs
PE_562                 ZeroWireload      tcbn28hpcplusbwp30p140ffg0p99v0c_ccs
PE_563                 ZeroWireload      tcbn28hpcplusbwp30p140ffg0p99v0c_ccs
PE_564                 ZeroWireload      tcbn28hpcplusbwp30p140ffg0p99v0c_ccs
PE_565                 ZeroWireload      tcbn28hpcplusbwp30p140ffg0p99v0c_ccs
PE_566                 ZeroWireload      tcbn28hpcplusbwp30p140ffg0p99v0c_ccs
PE_567                 ZeroWireload      tcbn28hpcplusbwp30p140ffg0p99v0c_ccs
PE_568                 ZeroWireload      tcbn28hpcplusbwp30p140ffg0p99v0c_ccs
PE_569                 ZeroWireload      tcbn28hpcplusbwp30p140ffg0p99v0c_ccs
PE_570                 ZeroWireload      tcbn28hpcplusbwp30p140ffg0p99v0c_ccs
PE_571                 ZeroWireload      tcbn28hpcplusbwp30p140ffg0p99v0c_ccs
PE_572                 ZeroWireload      tcbn28hpcplusbwp30p140ffg0p99v0c_ccs
PE_573                 ZeroWireload      tcbn28hpcplusbwp30p140ffg0p99v0c_ccs
PE_574                 ZeroWireload      tcbn28hpcplusbwp30p140ffg0p99v0c_ccs
PE_575                 ZeroWireload      tcbn28hpcplusbwp30p140ffg0p99v0c_ccs
PE_576                 ZeroWireload      tcbn28hpcplusbwp30p140ffg0p99v0c_ccs
PE_577                 ZeroWireload      tcbn28hpcplusbwp30p140ffg0p99v0c_ccs
PE_578                 ZeroWireload      tcbn28hpcplusbwp30p140ffg0p99v0c_ccs
PE_579                 ZeroWireload      tcbn28hpcplusbwp30p140ffg0p99v0c_ccs
PE_580                 ZeroWireload      tcbn28hpcplusbwp30p140ffg0p99v0c_ccs
PE_581                 ZeroWireload      tcbn28hpcplusbwp30p140ffg0p99v0c_ccs
PE_582                 ZeroWireload      tcbn28hpcplusbwp30p140ffg0p99v0c_ccs
PE_583                 ZeroWireload      tcbn28hpcplusbwp30p140ffg0p99v0c_ccs
PE_584                 ZeroWireload      tcbn28hpcplusbwp30p140ffg0p99v0c_ccs
PE_585                 ZeroWireload      tcbn28hpcplusbwp30p140ffg0p99v0c_ccs
PE_586                 ZeroWireload      tcbn28hpcplusbwp30p140ffg0p99v0c_ccs
PE_587                 ZeroWireload      tcbn28hpcplusbwp30p140ffg0p99v0c_ccs
PE_589                 ZeroWireload      tcbn28hpcplusbwp30p140ffg0p99v0c_ccs
PE_590                 ZeroWireload      tcbn28hpcplusbwp30p140ffg0p99v0c_ccs
PE_591                 ZeroWireload      tcbn28hpcplusbwp30p140ffg0p99v0c_ccs
PE_592                 ZeroWireload      tcbn28hpcplusbwp30p140ffg0p99v0c_ccs
PE_593                 ZeroWireload      tcbn28hpcplusbwp30p140ffg0p99v0c_ccs
PE_594                 ZeroWireload      tcbn28hpcplusbwp30p140ffg0p99v0c_ccs
PE_595                 ZeroWireload      tcbn28hpcplusbwp30p140ffg0p99v0c_ccs
PE_596                 ZeroWireload      tcbn28hpcplusbwp30p140ffg0p99v0c_ccs
PE_597                 ZeroWireload      tcbn28hpcplusbwp30p140ffg0p99v0c_ccs
PE_598                 ZeroWireload      tcbn28hpcplusbwp30p140ffg0p99v0c_ccs
PE_599                 ZeroWireload      tcbn28hpcplusbwp30p140ffg0p99v0c_ccs
PE_600                 ZeroWireload      tcbn28hpcplusbwp30p140ffg0p99v0c_ccs
PE_601                 ZeroWireload      tcbn28hpcplusbwp30p140ffg0p99v0c_ccs
PE_602                 ZeroWireload      tcbn28hpcplusbwp30p140ffg0p99v0c_ccs
PE_603                 ZeroWireload      tcbn28hpcplusbwp30p140ffg0p99v0c_ccs
PE_604                 ZeroWireload      tcbn28hpcplusbwp30p140ffg0p99v0c_ccs
PE_605                 ZeroWireload      tcbn28hpcplusbwp30p140ffg0p99v0c_ccs
PE_606                 ZeroWireload      tcbn28hpcplusbwp30p140ffg0p99v0c_ccs
PE_607                 ZeroWireload      tcbn28hpcplusbwp30p140ffg0p99v0c_ccs
PE_608                 ZeroWireload      tcbn28hpcplusbwp30p140ffg0p99v0c_ccs
PE_609                 ZeroWireload      tcbn28hpcplusbwp30p140ffg0p99v0c_ccs
PE_610                 ZeroWireload      tcbn28hpcplusbwp30p140ffg0p99v0c_ccs
PE_611                 ZeroWireload      tcbn28hpcplusbwp30p140ffg0p99v0c_ccs
PE_612                 ZeroWireload      tcbn28hpcplusbwp30p140ffg0p99v0c_ccs
PE_613                 ZeroWireload      tcbn28hpcplusbwp30p140ffg0p99v0c_ccs
PE_614                 ZeroWireload      tcbn28hpcplusbwp30p140ffg0p99v0c_ccs
PE_615                 ZeroWireload      tcbn28hpcplusbwp30p140ffg0p99v0c_ccs
PE_617                 ZeroWireload      tcbn28hpcplusbwp30p140ffg0p99v0c_ccs
PE_618                 ZeroWireload      tcbn28hpcplusbwp30p140ffg0p99v0c_ccs
PE_619                 ZeroWireload      tcbn28hpcplusbwp30p140ffg0p99v0c_ccs
PE_620                 ZeroWireload      tcbn28hpcplusbwp30p140ffg0p99v0c_ccs
PE_621                 ZeroWireload      tcbn28hpcplusbwp30p140ffg0p99v0c_ccs
PE_622                 ZeroWireload      tcbn28hpcplusbwp30p140ffg0p99v0c_ccs
PE_623                 ZeroWireload      tcbn28hpcplusbwp30p140ffg0p99v0c_ccs
PE_624                 ZeroWireload      tcbn28hpcplusbwp30p140ffg0p99v0c_ccs
PE_625                 ZeroWireload      tcbn28hpcplusbwp30p140ffg0p99v0c_ccs
PE_626                 ZeroWireload      tcbn28hpcplusbwp30p140ffg0p99v0c_ccs
PE_627                 ZeroWireload      tcbn28hpcplusbwp30p140ffg0p99v0c_ccs
PE_628                 ZeroWireload      tcbn28hpcplusbwp30p140ffg0p99v0c_ccs
PE_629                 ZeroWireload      tcbn28hpcplusbwp30p140ffg0p99v0c_ccs
PE_630                 ZeroWireload      tcbn28hpcplusbwp30p140ffg0p99v0c_ccs
PE_631                 ZeroWireload      tcbn28hpcplusbwp30p140ffg0p99v0c_ccs
PE_632                 ZeroWireload      tcbn28hpcplusbwp30p140ffg0p99v0c_ccs
PE_633                 ZeroWireload      tcbn28hpcplusbwp30p140ffg0p99v0c_ccs
PE_634                 ZeroWireload      tcbn28hpcplusbwp30p140ffg0p99v0c_ccs
PE_635                 ZeroWireload      tcbn28hpcplusbwp30p140ffg0p99v0c_ccs
PE_636                 ZeroWireload      tcbn28hpcplusbwp30p140ffg0p99v0c_ccs
PE_637                 ZeroWireload      tcbn28hpcplusbwp30p140ffg0p99v0c_ccs
PE_638                 ZeroWireload      tcbn28hpcplusbwp30p140ffg0p99v0c_ccs
PE_639                 ZeroWireload      tcbn28hpcplusbwp30p140ffg0p99v0c_ccs
PE_640                 ZeroWireload      tcbn28hpcplusbwp30p140ffg0p99v0c_ccs
PE_641                 ZeroWireload      tcbn28hpcplusbwp30p140ffg0p99v0c_ccs
PE_642                 ZeroWireload      tcbn28hpcplusbwp30p140ffg0p99v0c_ccs
PE_643                 ZeroWireload      tcbn28hpcplusbwp30p140ffg0p99v0c_ccs
PE_645                 ZeroWireload      tcbn28hpcplusbwp30p140ffg0p99v0c_ccs
PE_646                 ZeroWireload      tcbn28hpcplusbwp30p140ffg0p99v0c_ccs
PE_647                 ZeroWireload      tcbn28hpcplusbwp30p140ffg0p99v0c_ccs
PE_648                 ZeroWireload      tcbn28hpcplusbwp30p140ffg0p99v0c_ccs
PE_649                 ZeroWireload      tcbn28hpcplusbwp30p140ffg0p99v0c_ccs
PE_650                 ZeroWireload      tcbn28hpcplusbwp30p140ffg0p99v0c_ccs
PE_651                 ZeroWireload      tcbn28hpcplusbwp30p140ffg0p99v0c_ccs
PE_652                 ZeroWireload      tcbn28hpcplusbwp30p140ffg0p99v0c_ccs
PE_653                 ZeroWireload      tcbn28hpcplusbwp30p140ffg0p99v0c_ccs
PE_654                 ZeroWireload      tcbn28hpcplusbwp30p140ffg0p99v0c_ccs
PE_655                 ZeroWireload      tcbn28hpcplusbwp30p140ffg0p99v0c_ccs
PE_656                 ZeroWireload      tcbn28hpcplusbwp30p140ffg0p99v0c_ccs
PE_657                 ZeroWireload      tcbn28hpcplusbwp30p140ffg0p99v0c_ccs
PE_658                 ZeroWireload      tcbn28hpcplusbwp30p140ffg0p99v0c_ccs
PE_659                 ZeroWireload      tcbn28hpcplusbwp30p140ffg0p99v0c_ccs
PE_660                 ZeroWireload      tcbn28hpcplusbwp30p140ffg0p99v0c_ccs
PE_661                 ZeroWireload      tcbn28hpcplusbwp30p140ffg0p99v0c_ccs
PE_662                 ZeroWireload      tcbn28hpcplusbwp30p140ffg0p99v0c_ccs
PE_663                 ZeroWireload      tcbn28hpcplusbwp30p140ffg0p99v0c_ccs
PE_664                 ZeroWireload      tcbn28hpcplusbwp30p140ffg0p99v0c_ccs
PE_665                 ZeroWireload      tcbn28hpcplusbwp30p140ffg0p99v0c_ccs
PE_666                 ZeroWireload      tcbn28hpcplusbwp30p140ffg0p99v0c_ccs
PE_667                 ZeroWireload      tcbn28hpcplusbwp30p140ffg0p99v0c_ccs
PE_668                 ZeroWireload      tcbn28hpcplusbwp30p140ffg0p99v0c_ccs
PE_669                 ZeroWireload      tcbn28hpcplusbwp30p140ffg0p99v0c_ccs
PE_670                 ZeroWireload      tcbn28hpcplusbwp30p140ffg0p99v0c_ccs
PE_671                 ZeroWireload      tcbn28hpcplusbwp30p140ffg0p99v0c_ccs
PE_673                 ZeroWireload      tcbn28hpcplusbwp30p140ffg0p99v0c_ccs
PE_674                 ZeroWireload      tcbn28hpcplusbwp30p140ffg0p99v0c_ccs
PE_675                 ZeroWireload      tcbn28hpcplusbwp30p140ffg0p99v0c_ccs
PE_676                 ZeroWireload      tcbn28hpcplusbwp30p140ffg0p99v0c_ccs
PE_677                 ZeroWireload      tcbn28hpcplusbwp30p140ffg0p99v0c_ccs
PE_678                 ZeroWireload      tcbn28hpcplusbwp30p140ffg0p99v0c_ccs
PE_679                 ZeroWireload      tcbn28hpcplusbwp30p140ffg0p99v0c_ccs
PE_680                 ZeroWireload      tcbn28hpcplusbwp30p140ffg0p99v0c_ccs
PE_681                 ZeroWireload      tcbn28hpcplusbwp30p140ffg0p99v0c_ccs
PE_682                 ZeroWireload      tcbn28hpcplusbwp30p140ffg0p99v0c_ccs
PE_683                 ZeroWireload      tcbn28hpcplusbwp30p140ffg0p99v0c_ccs
PE_684                 ZeroWireload      tcbn28hpcplusbwp30p140ffg0p99v0c_ccs
PE_685                 ZeroWireload      tcbn28hpcplusbwp30p140ffg0p99v0c_ccs
PE_686                 ZeroWireload      tcbn28hpcplusbwp30p140ffg0p99v0c_ccs
PE_687                 ZeroWireload      tcbn28hpcplusbwp30p140ffg0p99v0c_ccs
PE_688                 ZeroWireload      tcbn28hpcplusbwp30p140ffg0p99v0c_ccs
PE_689                 ZeroWireload      tcbn28hpcplusbwp30p140ffg0p99v0c_ccs
PE_690                 ZeroWireload      tcbn28hpcplusbwp30p140ffg0p99v0c_ccs
PE_691                 ZeroWireload      tcbn28hpcplusbwp30p140ffg0p99v0c_ccs
PE_692                 ZeroWireload      tcbn28hpcplusbwp30p140ffg0p99v0c_ccs
PE_693                 ZeroWireload      tcbn28hpcplusbwp30p140ffg0p99v0c_ccs
PE_694                 ZeroWireload      tcbn28hpcplusbwp30p140ffg0p99v0c_ccs
PE_695                 ZeroWireload      tcbn28hpcplusbwp30p140ffg0p99v0c_ccs
PE_696                 ZeroWireload      tcbn28hpcplusbwp30p140ffg0p99v0c_ccs
PE_697                 ZeroWireload      tcbn28hpcplusbwp30p140ffg0p99v0c_ccs
PE_698                 ZeroWireload      tcbn28hpcplusbwp30p140ffg0p99v0c_ccs
PE_699                 ZeroWireload      tcbn28hpcplusbwp30p140ffg0p99v0c_ccs
PE_701                 ZeroWireload      tcbn28hpcplusbwp30p140ffg0p99v0c_ccs
PE_702                 ZeroWireload      tcbn28hpcplusbwp30p140ffg0p99v0c_ccs
PE_703                 ZeroWireload      tcbn28hpcplusbwp30p140ffg0p99v0c_ccs
PE_704                 ZeroWireload      tcbn28hpcplusbwp30p140ffg0p99v0c_ccs
PE_705                 ZeroWireload      tcbn28hpcplusbwp30p140ffg0p99v0c_ccs
PE_706                 ZeroWireload      tcbn28hpcplusbwp30p140ffg0p99v0c_ccs
PE_707                 ZeroWireload      tcbn28hpcplusbwp30p140ffg0p99v0c_ccs
PE_708                 ZeroWireload      tcbn28hpcplusbwp30p140ffg0p99v0c_ccs
PE_709                 ZeroWireload      tcbn28hpcplusbwp30p140ffg0p99v0c_ccs
PE_710                 ZeroWireload      tcbn28hpcplusbwp30p140ffg0p99v0c_ccs
PE_711                 ZeroWireload      tcbn28hpcplusbwp30p140ffg0p99v0c_ccs
PE_712                 ZeroWireload      tcbn28hpcplusbwp30p140ffg0p99v0c_ccs
PE_713                 ZeroWireload      tcbn28hpcplusbwp30p140ffg0p99v0c_ccs
PE_714                 ZeroWireload      tcbn28hpcplusbwp30p140ffg0p99v0c_ccs
PE_715                 ZeroWireload      tcbn28hpcplusbwp30p140ffg0p99v0c_ccs
PE_716                 ZeroWireload      tcbn28hpcplusbwp30p140ffg0p99v0c_ccs
PE_717                 ZeroWireload      tcbn28hpcplusbwp30p140ffg0p99v0c_ccs
PE_718                 ZeroWireload      tcbn28hpcplusbwp30p140ffg0p99v0c_ccs
PE_719                 ZeroWireload      tcbn28hpcplusbwp30p140ffg0p99v0c_ccs
PE_720                 ZeroWireload      tcbn28hpcplusbwp30p140ffg0p99v0c_ccs
PE_721                 ZeroWireload      tcbn28hpcplusbwp30p140ffg0p99v0c_ccs
PE_722                 ZeroWireload      tcbn28hpcplusbwp30p140ffg0p99v0c_ccs
PE_723                 ZeroWireload      tcbn28hpcplusbwp30p140ffg0p99v0c_ccs
PE_724                 ZeroWireload      tcbn28hpcplusbwp30p140ffg0p99v0c_ccs
PE_725                 ZeroWireload      tcbn28hpcplusbwp30p140ffg0p99v0c_ccs
PE_726                 ZeroWireload      tcbn28hpcplusbwp30p140ffg0p99v0c_ccs
PE_727                 ZeroWireload      tcbn28hpcplusbwp30p140ffg0p99v0c_ccs
PE_729                 ZeroWireload      tcbn28hpcplusbwp30p140ffg0p99v0c_ccs
PE_730                 ZeroWireload      tcbn28hpcplusbwp30p140ffg0p99v0c_ccs
PE_731                 ZeroWireload      tcbn28hpcplusbwp30p140ffg0p99v0c_ccs
PE_732                 ZeroWireload      tcbn28hpcplusbwp30p140ffg0p99v0c_ccs
PE_733                 ZeroWireload      tcbn28hpcplusbwp30p140ffg0p99v0c_ccs
PE_734                 ZeroWireload      tcbn28hpcplusbwp30p140ffg0p99v0c_ccs
PE_735                 ZeroWireload      tcbn28hpcplusbwp30p140ffg0p99v0c_ccs
PE_736                 ZeroWireload      tcbn28hpcplusbwp30p140ffg0p99v0c_ccs
PE_737                 ZeroWireload      tcbn28hpcplusbwp30p140ffg0p99v0c_ccs
PE_738                 ZeroWireload      tcbn28hpcplusbwp30p140ffg0p99v0c_ccs
PE_739                 ZeroWireload      tcbn28hpcplusbwp30p140ffg0p99v0c_ccs
PE_740                 ZeroWireload      tcbn28hpcplusbwp30p140ffg0p99v0c_ccs
PE_741                 ZeroWireload      tcbn28hpcplusbwp30p140ffg0p99v0c_ccs
PE_742                 ZeroWireload      tcbn28hpcplusbwp30p140ffg0p99v0c_ccs
PE_743                 ZeroWireload      tcbn28hpcplusbwp30p140ffg0p99v0c_ccs
PE_744                 ZeroWireload      tcbn28hpcplusbwp30p140ffg0p99v0c_ccs
PE_745                 ZeroWireload      tcbn28hpcplusbwp30p140ffg0p99v0c_ccs
PE_746                 ZeroWireload      tcbn28hpcplusbwp30p140ffg0p99v0c_ccs
PE_747                 ZeroWireload      tcbn28hpcplusbwp30p140ffg0p99v0c_ccs
PE_748                 ZeroWireload      tcbn28hpcplusbwp30p140ffg0p99v0c_ccs
PE_749                 ZeroWireload      tcbn28hpcplusbwp30p140ffg0p99v0c_ccs
PE_750                 ZeroWireload      tcbn28hpcplusbwp30p140ffg0p99v0c_ccs
PE_751                 ZeroWireload      tcbn28hpcplusbwp30p140ffg0p99v0c_ccs
PE_752                 ZeroWireload      tcbn28hpcplusbwp30p140ffg0p99v0c_ccs
PE_753                 ZeroWireload      tcbn28hpcplusbwp30p140ffg0p99v0c_ccs
PE_754                 ZeroWireload      tcbn28hpcplusbwp30p140ffg0p99v0c_ccs
PE_755                 ZeroWireload      tcbn28hpcplusbwp30p140ffg0p99v0c_ccs
PE_757                 ZeroWireload      tcbn28hpcplusbwp30p140ffg0p99v0c_ccs
PE_758                 ZeroWireload      tcbn28hpcplusbwp30p140ffg0p99v0c_ccs
PE_759                 ZeroWireload      tcbn28hpcplusbwp30p140ffg0p99v0c_ccs
PE_760                 ZeroWireload      tcbn28hpcplusbwp30p140ffg0p99v0c_ccs
PE_761                 ZeroWireload      tcbn28hpcplusbwp30p140ffg0p99v0c_ccs
PE_762                 ZeroWireload      tcbn28hpcplusbwp30p140ffg0p99v0c_ccs
PE_763                 ZeroWireload      tcbn28hpcplusbwp30p140ffg0p99v0c_ccs
PE_764                 ZeroWireload      tcbn28hpcplusbwp30p140ffg0p99v0c_ccs
PE_765                 ZeroWireload      tcbn28hpcplusbwp30p140ffg0p99v0c_ccs
PE_766                 ZeroWireload      tcbn28hpcplusbwp30p140ffg0p99v0c_ccs
PE_767                 ZeroWireload      tcbn28hpcplusbwp30p140ffg0p99v0c_ccs
PE_768                 ZeroWireload      tcbn28hpcplusbwp30p140ffg0p99v0c_ccs
PE_769                 ZeroWireload      tcbn28hpcplusbwp30p140ffg0p99v0c_ccs
PE_770                 ZeroWireload      tcbn28hpcplusbwp30p140ffg0p99v0c_ccs
PE_771                 ZeroWireload      tcbn28hpcplusbwp30p140ffg0p99v0c_ccs
PE_772                 ZeroWireload      tcbn28hpcplusbwp30p140ffg0p99v0c_ccs
PE_773                 ZeroWireload      tcbn28hpcplusbwp30p140ffg0p99v0c_ccs
PE_774                 ZeroWireload      tcbn28hpcplusbwp30p140ffg0p99v0c_ccs
PE_775                 ZeroWireload      tcbn28hpcplusbwp30p140ffg0p99v0c_ccs
PE_776                 ZeroWireload      tcbn28hpcplusbwp30p140ffg0p99v0c_ccs
PE_777                 ZeroWireload      tcbn28hpcplusbwp30p140ffg0p99v0c_ccs
PE_778                 ZeroWireload      tcbn28hpcplusbwp30p140ffg0p99v0c_ccs
PE_779                 ZeroWireload      tcbn28hpcplusbwp30p140ffg0p99v0c_ccs
PE_780                 ZeroWireload      tcbn28hpcplusbwp30p140ffg0p99v0c_ccs
PE_781                 ZeroWireload      tcbn28hpcplusbwp30p140ffg0p99v0c_ccs
PE_782                 ZeroWireload      tcbn28hpcplusbwp30p140ffg0p99v0c_ccs
PE_0                   ZeroWireload      tcbn28hpcplusbwp30p140ffg0p99v0c_ccs
PE_28                  ZeroWireload      tcbn28hpcplusbwp30p140ffg0p99v0c_ccs
PE_56                  ZeroWireload      tcbn28hpcplusbwp30p140ffg0p99v0c_ccs
PE_84                  ZeroWireload      tcbn28hpcplusbwp30p140ffg0p99v0c_ccs
PE_112                 ZeroWireload      tcbn28hpcplusbwp30p140ffg0p99v0c_ccs
PE_140                 ZeroWireload      tcbn28hpcplusbwp30p140ffg0p99v0c_ccs
PE_168                 ZeroWireload      tcbn28hpcplusbwp30p140ffg0p99v0c_ccs
PE_196                 ZeroWireload      tcbn28hpcplusbwp30p140ffg0p99v0c_ccs
PE_224                 ZeroWireload      tcbn28hpcplusbwp30p140ffg0p99v0c_ccs
PE_252                 ZeroWireload      tcbn28hpcplusbwp30p140ffg0p99v0c_ccs
PE_280                 ZeroWireload      tcbn28hpcplusbwp30p140ffg0p99v0c_ccs
PE_308                 ZeroWireload      tcbn28hpcplusbwp30p140ffg0p99v0c_ccs
PE_336                 ZeroWireload      tcbn28hpcplusbwp30p140ffg0p99v0c_ccs
PE_364                 ZeroWireload      tcbn28hpcplusbwp30p140ffg0p99v0c_ccs
PE_392                 ZeroWireload      tcbn28hpcplusbwp30p140ffg0p99v0c_ccs
PE_420                 ZeroWireload      tcbn28hpcplusbwp30p140ffg0p99v0c_ccs
PE_448                 ZeroWireload      tcbn28hpcplusbwp30p140ffg0p99v0c_ccs
PE_476                 ZeroWireload      tcbn28hpcplusbwp30p140ffg0p99v0c_ccs
PE_504                 ZeroWireload      tcbn28hpcplusbwp30p140ffg0p99v0c_ccs
PE_532                 ZeroWireload      tcbn28hpcplusbwp30p140ffg0p99v0c_ccs
PE_560                 ZeroWireload      tcbn28hpcplusbwp30p140ffg0p99v0c_ccs
PE_588                 ZeroWireload      tcbn28hpcplusbwp30p140ffg0p99v0c_ccs
PE_616                 ZeroWireload      tcbn28hpcplusbwp30p140ffg0p99v0c_ccs
PE_644                 ZeroWireload      tcbn28hpcplusbwp30p140ffg0p99v0c_ccs
PE_672                 ZeroWireload      tcbn28hpcplusbwp30p140ffg0p99v0c_ccs
PE_700                 ZeroWireload      tcbn28hpcplusbwp30p140ffg0p99v0c_ccs
PE_728                 ZeroWireload      tcbn28hpcplusbwp30p140ffg0p99v0c_ccs


Global Operating Voltage = 0.99 
Power-specific unit information :
    Voltage Units = 1V
    Capacitance Units = 1.000000pf
    Time Units = 1ns
    Dynamic Power Units = 1mW    (derived from V,C,T units)
    Leakage Power Units = 1nW


--------------------------------------------------------------------------------
                                       Switch   Int      Leak     Total
Hierarchy                              Power    Power    Power    Power    %
--------------------------------------------------------------------------------
SystolicArray                            18.272  159.062 5.44e+06  182.776 100.0
  pes_27_27 (PE_0)                     1.92e-03    0.121 7.04e+03    0.130   0.1
  pes_26_27 (PE_1)                     3.96e-03    0.182 6.90e+03    0.193   0.1
  pes_25_27 (PE_2)                     3.91e-03    0.184 6.88e+03    0.195   0.1
  pes_24_27 (PE_3)                     3.94e-03    0.183 6.85e+03    0.194   0.1
  pes_23_27 (PE_4)                     4.14e-03    0.185 7.05e+03    0.196   0.1
  pes_22_27 (PE_5)                     4.36e-03    0.184 6.95e+03    0.195   0.1
  pes_21_27 (PE_6)                     4.51e-03    0.185 6.98e+03    0.197   0.1
  pes_20_27 (PE_7)                     4.56e-03    0.185 6.99e+03    0.197   0.1
  pes_19_27 (PE_8)                     4.86e-03    0.185 6.99e+03    0.197   0.1
  pes_18_27 (PE_9)                     5.36e-03    0.185 6.97e+03    0.197   0.1
  pes_17_27 (PE_10)                    5.49e-03    0.186 6.95e+03    0.199   0.1
  pes_16_27 (PE_11)                    5.88e-03    0.186 6.94e+03    0.199   0.1
  pes_15_27 (PE_12)                    6.44e-03    0.186 6.97e+03    0.200   0.1
  pes_14_27 (PE_13)                    6.98e-03    0.185 6.84e+03    0.199   0.1
  pes_13_27 (PE_14)                    7.84e-03    0.187 6.88e+03    0.202   0.1
  pes_12_27 (PE_15)                    8.76e-03    0.189 6.90e+03    0.205   0.1
  pes_11_27 (PE_16)                    1.03e-02    0.190 6.94e+03    0.207   0.1
  pes_10_27 (PE_17)                    1.18e-02    0.192 6.86e+03    0.210   0.1
  pes_9_27 (PE_18)                     1.44e-02    0.195 7.00e+03    0.216   0.1
  pes_8_27 (PE_19)                     1.74e-02    0.199 7.00e+03    0.223   0.1
  pes_7_27 (PE_20)                     2.14e-02    0.202 7.10e+03    0.230   0.1
  pes_6_27 (PE_21)                     2.56e-02    0.206 6.85e+03    0.239   0.1
  pes_5_27 (PE_22)                     3.13e-02    0.213 6.90e+03    0.251   0.1
  pes_4_27 (PE_23)                     3.84e-02    0.221 7.05e+03    0.267   0.1
  pes_3_27 (PE_24)                     4.72e-02    0.232 6.96e+03    0.286   0.2
  pes_2_27 (PE_25)                     5.83e-02    0.243 6.87e+03    0.308   0.2
  pes_1_27 (PE_26)                     7.21e-02    0.259 6.92e+03    0.338   0.2
  pes_0_27 (PE_27)                        0.102    0.299 6.91e+03    0.408   0.2
  pes_27_26 (PE_28)                    2.31e-03    0.122 6.95e+03    0.131   0.1
  pes_26_26 (PE_29)                    4.38e-03    0.183 7.07e+03    0.195   0.1
  pes_25_26 (PE_30)                    4.33e-03    0.182 6.99e+03    0.193   0.1
  pes_24_26 (PE_31)                    4.41e-03    0.185 6.92e+03    0.196   0.1
  pes_23_26 (PE_32)                    4.61e-03    0.184 6.90e+03    0.195   0.1
  pes_22_26 (PE_33)                    4.84e-03    0.185 7.08e+03    0.197   0.1
  pes_21_26 (PE_34)                    4.86e-03    0.184 6.92e+03    0.196   0.1
  pes_20_26 (PE_35)                    5.44e-03    0.186 6.92e+03    0.198   0.1
  pes_19_26 (PE_36)                    5.37e-03    0.186 6.96e+03    0.198   0.1
  pes_18_26 (PE_37)                    5.66e-03    0.186 6.96e+03    0.199   0.1
  pes_17_26 (PE_38)                    6.05e-03    0.187 6.99e+03    0.200   0.1
  pes_16_26 (PE_39)                    6.59e-03    0.186 6.94e+03    0.200   0.1
  pes_15_26 (PE_40)                    7.30e-03    0.188 6.94e+03    0.203   0.1
  pes_14_26 (PE_41)                    7.98e-03    0.190 6.94e+03    0.204   0.1
  pes_13_26 (PE_42)                    8.79e-03    0.189 6.94e+03    0.205   0.1
  pes_12_26 (PE_43)                    9.68e-03    0.191 6.98e+03    0.207   0.1
  pes_11_26 (PE_44)                    1.11e-02    0.191 6.94e+03    0.209   0.1
  pes_10_26 (PE_45)                    1.24e-02    0.192 6.96e+03    0.212   0.1
  pes_9_26 (PE_46)                     1.47e-02    0.194 6.86e+03    0.215   0.1
  pes_8_26 (PE_47)                     1.74e-02    0.198 6.98e+03    0.222   0.1
  pes_7_26 (PE_48)                     2.10e-02    0.202 6.92e+03    0.230   0.1
  pes_6_26 (PE_49)                     2.60e-02    0.208 6.99e+03    0.241   0.1
  pes_5_26 (PE_50)                     3.12e-02    0.213 6.86e+03    0.251   0.1
  pes_4_26 (PE_51)                     3.93e-02    0.224 7.05e+03    0.270   0.1
  pes_3_26 (PE_52)                     4.71e-02    0.230 6.93e+03    0.284   0.2
  pes_2_26 (PE_53)                     5.97e-02    0.243 6.88e+03    0.310   0.2
  pes_1_26 (PE_54)                     7.47e-02    0.262 7.01e+03    0.343   0.2
  pes_0_26 (PE_55)                        0.102    0.300 6.80e+03    0.408   0.2
  pes_27_25 (PE_56)                    2.06e-03    0.121 6.81e+03    0.130   0.1
  pes_26_25 (PE_57)                    3.97e-03    0.184 6.93e+03    0.195   0.1
  pes_25_25 (PE_58)                    4.09e-03    0.184 7.04e+03    0.195   0.1
  pes_24_25 (PE_59)                    4.10e-03    0.184 6.91e+03    0.195   0.1
  pes_23_25 (PE_60)                    4.15e-03    0.185 7.01e+03    0.196   0.1
  pes_22_25 (PE_61)                    4.24e-03    0.183 6.83e+03    0.194   0.1
  pes_21_25 (PE_62)                    4.52e-03    0.185 6.93e+03    0.197   0.1
  pes_20_25 (PE_63)                    4.64e-03    0.184 6.96e+03    0.195   0.1
  pes_19_25 (PE_64)                    4.84e-03    0.185 6.92e+03    0.197   0.1
  pes_18_25 (PE_65)                    5.17e-03    0.184 6.84e+03    0.196   0.1
  pes_17_25 (PE_66)                    5.50e-03    0.185 6.95e+03    0.198   0.1
  pes_16_25 (PE_67)                    6.08e-03    0.186 6.95e+03    0.199   0.1
  pes_15_25 (PE_68)                    6.74e-03    0.186 6.88e+03    0.199   0.1
  pes_14_25 (PE_69)                    7.38e-03    0.187 6.96e+03    0.201   0.1
  pes_13_25 (PE_70)                    8.09e-03    0.188 7.09e+03    0.203   0.1
  pes_12_25 (PE_71)                    9.28e-03    0.189 7.06e+03    0.206   0.1
  pes_11_25 (PE_72)                    1.04e-02    0.191 6.95e+03    0.208   0.1
  pes_10_25 (PE_73)                    1.23e-02    0.192 7.03e+03    0.211   0.1
  pes_9_25 (PE_74)                     1.49e-02    0.193 6.89e+03    0.215   0.1
  pes_8_25 (PE_75)                     1.83e-02    0.199 6.86e+03    0.224   0.1
  pes_7_25 (PE_76)                     2.22e-02    0.204 7.03e+03    0.233   0.1
  pes_6_25 (PE_77)                     2.68e-02    0.208 6.89e+03    0.242   0.1
  pes_5_25 (PE_78)                     3.34e-02    0.216 6.92e+03    0.256   0.1
  pes_4_25 (PE_79)                     4.15e-02    0.225 7.07e+03    0.273   0.1
  pes_3_25 (PE_80)                     5.08e-02    0.234 7.05e+03    0.292   0.2
  pes_2_25 (PE_81)                     6.32e-02    0.250 6.89e+03    0.320   0.2
  pes_1_25 (PE_82)                     7.82e-02    0.266 6.95e+03    0.351   0.2
  pes_0_25 (PE_83)                        0.110    0.305 6.78e+03    0.422   0.2
  pes_27_24 (PE_84)                    1.90e-03    0.121 7.03e+03    0.130   0.1
  pes_26_24 (PE_85)                    3.84e-03    0.182 6.90e+03    0.193   0.1
  pes_25_24 (PE_86)                    4.11e-03    0.183 6.92e+03    0.194   0.1
  pes_24_24 (PE_87)                    3.97e-03    0.184 6.98e+03    0.195   0.1
  pes_23_24 (PE_88)                    4.03e-03    0.184 7.07e+03    0.195   0.1
  pes_22_24 (PE_89)                    4.25e-03    0.182 6.87e+03    0.193   0.1
  pes_21_24 (PE_90)                    4.26e-03    0.183 7.05e+03    0.195   0.1
  pes_20_24 (PE_91)                    4.37e-03    0.183 6.91e+03    0.194   0.1
  pes_19_24 (PE_92)                    4.82e-03    0.184 7.01e+03    0.196   0.1
  pes_18_24 (PE_93)                    4.97e-03    0.186 7.12e+03    0.198   0.1
  pes_17_24 (PE_94)                    5.73e-03    0.184 6.95e+03    0.197   0.1
  pes_16_24 (PE_95)                    6.32e-03    0.187 6.96e+03    0.200   0.1
  pes_15_24 (PE_96)                    6.79e-03    0.186 6.86e+03    0.200   0.1
  pes_14_24 (PE_97)                    7.59e-03    0.188 6.94e+03    0.202   0.1
  pes_13_24 (PE_98)                    8.32e-03    0.189 6.88e+03    0.204   0.1
  pes_12_24 (PE_99)                    9.68e-03    0.190 6.97e+03    0.207   0.1
  pes_11_24 (PE_100)                   1.10e-02    0.192 6.83e+03    0.209   0.1
  pes_10_24 (PE_101)                   1.27e-02    0.194 6.92e+03    0.213   0.1
  pes_9_24 (PE_102)                    1.50e-02    0.194 6.89e+03    0.216   0.1
  pes_8_24 (PE_103)                    1.79e-02    0.200 6.91e+03    0.225   0.1
  pes_7_24 (PE_104)                    2.15e-02    0.203 6.90e+03    0.231   0.1
  pes_6_24 (PE_105)                    2.66e-02    0.209 7.00e+03    0.242   0.1
  pes_5_24 (PE_106)                    3.24e-02    0.216 6.89e+03    0.255   0.1
  pes_4_24 (PE_107)                    4.12e-02    0.226 7.17e+03    0.274   0.2
  pes_3_24 (PE_108)                    4.91e-02    0.235 6.88e+03    0.291   0.2
  pes_2_24 (PE_109)                    6.17e-02    0.245 6.96e+03    0.314   0.2
  pes_1_24 (PE_110)                    7.62e-02    0.262 6.92e+03    0.345   0.2
  pes_0_24 (PE_111)                       0.103    0.300 6.80e+03    0.410   0.2
  pes_27_23 (PE_112)                   2.12e-03    0.121 6.97e+03    0.130   0.1
  pes_26_23 (PE_113)                   4.24e-03    0.184 7.04e+03    0.196   0.1
  pes_25_23 (PE_114)                   4.28e-03    0.184 7.02e+03    0.196   0.1
  pes_24_23 (PE_115)                   4.32e-03    0.182 7.05e+03    0.193   0.1
  pes_23_23 (PE_116)                   4.46e-03    0.184 6.95e+03    0.196   0.1
  pes_22_23 (PE_117)                   4.46e-03    0.183 7.01e+03    0.195   0.1
  pes_21_23 (PE_118)                   4.77e-03    0.183 6.97e+03    0.195   0.1
  pes_20_23 (PE_119)                   4.79e-03    0.184 6.96e+03    0.196   0.1
  pes_19_23 (PE_120)                   4.97e-03    0.184 6.89e+03    0.196   0.1
  pes_18_23 (PE_121)                   5.13e-03    0.186 6.92e+03    0.198   0.1
  pes_17_23 (PE_122)                   5.63e-03    0.186 7.02e+03    0.199   0.1
  pes_16_23 (PE_123)                   6.00e-03    0.185 6.94e+03    0.197   0.1
  pes_15_23 (PE_124)                   6.33e-03    0.186 7.06e+03    0.200   0.1
  pes_14_23 (PE_125)                   6.84e-03    0.185 6.91e+03    0.199   0.1
  pes_13_23 (PE_126)                   7.72e-03    0.188 6.86e+03    0.203   0.1
  pes_12_23 (PE_127)                   8.67e-03    0.188 6.97e+03    0.203   0.1
  pes_11_23 (PE_128)                   9.88e-03    0.189 6.91e+03    0.206   0.1
  pes_10_23 (PE_129)                   1.17e-02    0.193 6.86e+03    0.211   0.1
  pes_9_23 (PE_130)                    1.39e-02    0.194 6.99e+03    0.215   0.1
  pes_8_23 (PE_131)                    1.60e-02    0.196 6.89e+03    0.218   0.1
  pes_7_23 (PE_132)                    1.93e-02    0.202 6.95e+03    0.228   0.1
  pes_6_23 (PE_133)                    2.39e-02    0.205 6.95e+03    0.236   0.1
  pes_5_23 (PE_134)                    2.97e-02    0.212 6.92e+03    0.248   0.1
  pes_4_23 (PE_135)                    3.68e-02    0.219 6.92e+03    0.263   0.1
  pes_3_23 (PE_136)                    4.60e-02    0.231 7.00e+03    0.284   0.2
  pes_2_23 (PE_137)                    5.96e-02    0.246 7.14e+03    0.312   0.2
  pes_1_23 (PE_138)                    7.41e-02    0.261 7.11e+03    0.342   0.2
  pes_0_23 (PE_139)                       0.102    0.297 6.77e+03    0.406   0.2
  pes_27_22 (PE_140)                   2.07e-03    0.121 6.79e+03    0.130   0.1
  pes_26_22 (PE_141)                   4.07e-03    0.184 6.91e+03    0.195   0.1
  pes_25_22 (PE_142)                   4.02e-03    0.183 6.92e+03    0.194   0.1
  pes_24_22 (PE_143)                   4.36e-03    0.185 6.91e+03    0.196   0.1
  pes_23_22 (PE_144)                   4.21e-03    0.185 6.99e+03    0.196   0.1
  pes_22_22 (PE_145)                   4.35e-03    0.183 6.82e+03    0.194   0.1
  pes_21_22 (PE_146)                   4.49e-03    0.186 6.96e+03    0.197   0.1
  pes_20_22 (PE_147)                   4.74e-03    0.183 6.95e+03    0.195   0.1
  pes_19_22 (PE_148)                   4.92e-03    0.185 6.92e+03    0.197   0.1
  pes_18_22 (PE_149)                   5.25e-03    0.186 6.95e+03    0.198   0.1
  pes_17_22 (PE_150)                   5.72e-03    0.184 6.97e+03    0.197   0.1
  pes_16_22 (PE_151)                   6.31e-03    0.186 6.93e+03    0.199   0.1
  pes_15_22 (PE_152)                   6.97e-03    0.187 6.86e+03    0.201   0.1
  pes_14_22 (PE_153)                   7.44e-03    0.188 6.99e+03    0.202   0.1
  pes_13_22 (PE_154)                   8.28e-03    0.190 6.93e+03    0.205   0.1
  pes_12_22 (PE_155)                   9.72e-03    0.190 6.89e+03    0.207   0.1
  pes_11_22 (PE_156)                   1.12e-02    0.191 6.86e+03    0.210   0.1
  pes_10_22 (PE_157)                   1.32e-02    0.195 7.03e+03    0.216   0.1
  pes_9_22 (PE_158)                    1.54e-02    0.196 6.87e+03    0.218   0.1
  pes_8_22 (PE_159)                    1.77e-02    0.199 6.99e+03    0.224   0.1
  pes_7_22 (PE_160)                    2.10e-02    0.203 6.91e+03    0.231   0.1
  pes_6_22 (PE_161)                    2.52e-02    0.207 6.98e+03    0.239   0.1
  pes_5_22 (PE_162)                    3.02e-02    0.212 6.92e+03    0.249   0.1
  pes_4_22 (PE_163)                    3.78e-02    0.221 7.03e+03    0.266   0.1
  pes_3_22 (PE_164)                    4.75e-02    0.230 6.96e+03    0.284   0.2
  pes_2_22 (PE_165)                    5.91e-02    0.245 6.97e+03    0.312   0.2
  pes_1_22 (PE_166)                    7.61e-02    0.263 7.13e+03    0.346   0.2
  pes_0_22 (PE_167)                       0.106    0.304 6.88e+03    0.417   0.2
  pes_27_21 (PE_168)                   2.10e-03    0.122 6.93e+03    0.131   0.1
  pes_26_21 (PE_169)                   4.19e-03    0.182 6.95e+03    0.194   0.1
  pes_25_21 (PE_170)                   4.20e-03    0.184 6.90e+03    0.195   0.1
  pes_24_21 (PE_171)                   4.29e-03    0.185 6.88e+03    0.196   0.1
  pes_23_21 (PE_172)                   4.35e-03    0.184 7.00e+03    0.195   0.1
  pes_22_21 (PE_173)                   4.45e-03    0.184 6.83e+03    0.195   0.1
  pes_21_21 (PE_174)                   4.68e-03    0.184 6.98e+03    0.196   0.1
  pes_20_21 (PE_175)                   4.63e-03    0.185 6.87e+03    0.197   0.1
  pes_19_21 (PE_176)                   5.03e-03    0.186 6.92e+03    0.198   0.1
  pes_18_21 (PE_177)                   5.31e-03    0.185 6.96e+03    0.197   0.1
  pes_17_21 (PE_178)                   5.83e-03    0.185 6.88e+03    0.198   0.1
  pes_16_21 (PE_179)                   6.32e-03    0.185 6.94e+03    0.199   0.1
  pes_15_21 (PE_180)                   6.65e-03    0.186 6.92e+03    0.200   0.1
  pes_14_21 (PE_181)                   7.26e-03    0.187 6.94e+03    0.201   0.1
  pes_13_21 (PE_182)                   8.17e-03    0.186 6.77e+03    0.201   0.1
  pes_12_21 (PE_183)                   9.51e-03    0.190 6.86e+03    0.206   0.1
  pes_11_21 (PE_184)                   1.11e-02    0.191 6.94e+03    0.209   0.1
  pes_10_21 (PE_185)                   1.26e-02    0.191 7.02e+03    0.211   0.1
  pes_9_21 (PE_186)                    1.46e-02    0.196 6.95e+03    0.217   0.1
  pes_8_21 (PE_187)                    1.76e-02    0.198 6.94e+03    0.223   0.1
  pes_7_21 (PE_188)                    2.11e-02    0.203 6.91e+03    0.231   0.1
  pes_6_21 (PE_189)                    2.57e-02    0.207 6.97e+03    0.240   0.1
  pes_5_21 (PE_190)                    3.15e-02    0.215 7.06e+03    0.253   0.1
  pes_4_21 (PE_191)                    3.83e-02    0.222 6.89e+03    0.267   0.1
  pes_3_21 (PE_192)                    4.86e-02    0.233 6.95e+03    0.289   0.2
  pes_2_21 (PE_193)                    6.18e-02    0.247 7.01e+03    0.316   0.2
  pes_1_21 (PE_194)                    7.64e-02    0.262 6.85e+03    0.345   0.2
  pes_0_21 (PE_195)                       0.106    0.303 6.89e+03    0.417   0.2
  pes_27_20 (PE_196)                   2.06e-03    0.122 7.01e+03    0.131   0.1
  pes_26_20 (PE_197)                   3.85e-03    0.183 7.01e+03    0.194   0.1
  pes_25_20 (PE_198)                   4.18e-03    0.184 7.08e+03    0.196   0.1
  pes_24_20 (PE_199)                   3.96e-03    0.184 6.96e+03    0.195   0.1
  pes_23_20 (PE_200)                   4.09e-03    0.184 6.90e+03    0.195   0.1
  pes_22_20 (PE_201)                   4.36e-03    0.184 6.96e+03    0.196   0.1
  pes_21_20 (PE_202)                   4.30e-03    0.184 6.87e+03    0.195   0.1
  pes_20_20 (PE_203)                   4.52e-03    0.184 7.02e+03    0.195   0.1
  pes_19_20 (PE_204)                   4.58e-03    0.183 6.92e+03    0.195   0.1
  pes_18_20 (PE_205)                   4.94e-03    0.185 7.13e+03    0.197   0.1
  pes_17_20 (PE_206)                   5.04e-03    0.184 6.85e+03    0.196   0.1
  pes_16_20 (PE_207)                   5.57e-03    0.186 7.04e+03    0.199   0.1
  pes_15_20 (PE_208)                   6.16e-03    0.185 6.94e+03    0.198   0.1
  pes_14_20 (PE_209)                   7.23e-03    0.188 6.97e+03    0.202   0.1
  pes_13_20 (PE_210)                   7.99e-03    0.186 6.89e+03    0.201   0.1
  pes_12_20 (PE_211)                   9.09e-03    0.190 6.99e+03    0.206   0.1
  pes_11_20 (PE_212)                   1.05e-02    0.191 6.86e+03    0.208   0.1
  pes_10_20 (PE_213)                   1.22e-02    0.192 6.89e+03    0.212   0.1
  pes_9_20 (PE_214)                    1.46e-02    0.195 6.91e+03    0.216   0.1
  pes_8_20 (PE_215)                    1.80e-02    0.199 6.95e+03    0.224   0.1
  pes_7_20 (PE_216)                    2.24e-02    0.204 6.96e+03    0.234   0.1
  pes_6_20 (PE_217)                    2.73e-02    0.209 6.91e+03    0.243   0.1
  pes_5_20 (PE_218)                    3.32e-02    0.216 6.93e+03    0.256   0.1
  pes_4_20 (PE_219)                    4.09e-02    0.226 6.99e+03    0.274   0.1
  pes_3_20 (PE_220)                    5.00e-02    0.232 6.84e+03    0.289   0.2
  pes_2_20 (PE_221)                    6.22e-02    0.249 6.90e+03    0.318   0.2
  pes_1_20 (PE_222)                    7.79e-02    0.265 6.94e+03    0.350   0.2
  pes_0_20 (PE_223)                       0.107    0.305 6.85e+03    0.419   0.2
  pes_27_19 (PE_224)                   2.08e-03    0.121 6.95e+03    0.130   0.1
  pes_26_19 (PE_225)                   3.93e-03    0.183 6.82e+03    0.194   0.1
  pes_25_19 (PE_226)                   4.16e-03    0.183 6.92e+03    0.194   0.1
  pes_24_19 (PE_227)                   4.01e-03    0.185 6.87e+03    0.196   0.1
  pes_23_19 (PE_228)                   4.13e-03    0.184 6.93e+03    0.195   0.1
  pes_22_19 (PE_229)                   4.28e-03    0.184 6.82e+03    0.195   0.1
  pes_21_19 (PE_230)                   4.41e-03    0.184 6.93e+03    0.196   0.1
  pes_20_19 (PE_231)                   4.51e-03    0.183 6.92e+03    0.195   0.1
  pes_19_19 (PE_232)                   4.70e-03    0.183 6.90e+03    0.195   0.1
  pes_18_19 (PE_233)                   4.99e-03    0.183 6.92e+03    0.195   0.1
  pes_17_19 (PE_234)                   5.34e-03    0.185 6.82e+03    0.197   0.1
  pes_16_19 (PE_235)                   5.62e-03    0.185 6.87e+03    0.198   0.1
  pes_15_19 (PE_236)                   6.48e-03    0.187 6.92e+03    0.201   0.1
  pes_14_19 (PE_237)                   6.99e-03    0.188 6.96e+03    0.202   0.1
  pes_13_19 (PE_238)                   7.98e-03    0.188 6.94e+03    0.203   0.1
  pes_12_19 (PE_239)                   9.04e-03    0.188 6.87e+03    0.204   0.1
  pes_11_19 (PE_240)                   1.05e-02    0.190 6.90e+03    0.208   0.1
  pes_10_19 (PE_241)                   1.30e-02    0.194 7.01e+03    0.214   0.1
  pes_9_19 (PE_242)                    1.48e-02    0.197 6.92e+03    0.218   0.1
  pes_8_19 (PE_243)                    1.77e-02    0.199 6.91e+03    0.223   0.1
  pes_7_19 (PE_244)                    2.14e-02    0.203 7.02e+03    0.231   0.1
  pes_6_19 (PE_245)                    2.63e-02    0.208 6.97e+03    0.241   0.1
  pes_5_19 (PE_246)                    3.19e-02    0.215 7.01e+03    0.254   0.1
  pes_4_19 (PE_247)                    3.91e-02    0.221 6.95e+03    0.267   0.1
  pes_3_19 (PE_248)                    4.89e-02    0.234 6.99e+03    0.290   0.2
  pes_2_19 (PE_249)                    6.12e-02    0.246 7.04e+03    0.315   0.2
  pes_1_19 (PE_250)                    7.57e-02    0.263 6.98e+03    0.346   0.2
  pes_0_19 (PE_251)                       0.102    0.299 6.73e+03    0.408   0.2
  pes_27_18 (PE_252)                   2.45e-03    0.122 6.82e+03    0.131   0.1
  pes_26_18 (PE_253)                   4.31e-03    0.183 6.93e+03    0.194   0.1
  pes_25_18 (PE_254)                   4.64e-03    0.185 7.08e+03    0.197   0.1
  pes_24_18 (PE_255)                   4.51e-03    0.184 6.95e+03    0.196   0.1
  pes_23_18 (PE_256)                   4.82e-03    0.184 6.94e+03    0.195   0.1
  pes_22_18 (PE_257)                   4.80e-03    0.186 6.85e+03    0.197   0.1
  pes_21_18 (PE_258)                   4.97e-03    0.185 6.94e+03    0.197   0.1
  pes_20_18 (PE_259)                   5.19e-03    0.185 7.00e+03    0.198   0.1
  pes_19_18 (PE_260)                   5.71e-03    0.186 6.98e+03    0.198   0.1
  pes_18_18 (PE_261)                   6.00e-03    0.187 6.94e+03    0.200   0.1
  pes_17_18 (PE_262)                   6.33e-03    0.186 6.96e+03    0.199   0.1
  pes_16_18 (PE_263)                   6.84e-03    0.188 6.99e+03    0.202   0.1
  pes_15_18 (PE_264)                   7.42e-03    0.187 6.94e+03    0.201   0.1
  pes_14_18 (PE_265)                   8.15e-03    0.187 6.99e+03    0.202   0.1
  pes_13_18 (PE_266)                   9.36e-03    0.188 6.97e+03    0.205   0.1
  pes_12_18 (PE_267)                   1.05e-02    0.191 6.92e+03    0.209   0.1
  pes_11_18 (PE_268)                   1.23e-02    0.192 6.96e+03    0.212   0.1
  pes_10_18 (PE_269)                   1.40e-02    0.195 6.85e+03    0.216   0.1
  pes_9_18 (PE_270)                    1.68e-02    0.199 6.99e+03    0.222   0.1
  pes_8_18 (PE_271)                    1.99e-02    0.202 6.94e+03    0.229   0.1
  pes_7_18 (PE_272)                    2.32e-02    0.204 6.89e+03    0.235   0.1
  pes_6_18 (PE_273)                    2.80e-02    0.211 6.90e+03    0.246   0.1
  pes_5_18 (PE_274)                    3.44e-02    0.218 6.98e+03    0.260   0.1
  pes_4_18 (PE_275)                    4.16e-02    0.226 6.96e+03    0.275   0.2
  pes_3_18 (PE_276)                    5.17e-02    0.235 7.07e+03    0.294   0.2
  pes_2_18 (PE_277)                    6.30e-02    0.249 7.06e+03    0.319   0.2
  pes_1_18 (PE_278)                    7.72e-02    0.261 6.94e+03    0.345   0.2
  pes_0_18 (PE_279)                       0.106    0.304 6.83e+03    0.417   0.2
  pes_27_17 (PE_280)                   2.26e-03    0.122 7.18e+03    0.132   0.1
  pes_26_17 (PE_281)                   4.23e-03    0.184 6.89e+03    0.195   0.1
  pes_25_17 (PE_282)                   4.37e-03    0.183 6.96e+03    0.194   0.1
  pes_24_17 (PE_283)                   4.53e-03    0.183 6.93e+03    0.195   0.1
  pes_23_17 (PE_284)                   4.69e-03    0.185 7.00e+03    0.197   0.1
  pes_22_17 (PE_285)                   4.88e-03    0.184 6.91e+03    0.196   0.1
  pes_21_17 (PE_286)                   4.90e-03    0.182 6.85e+03    0.194   0.1
  pes_20_17 (PE_287)                   5.31e-03    0.184 6.87e+03    0.196   0.1
  pes_19_17 (PE_288)                   5.44e-03    0.184 7.01e+03    0.197   0.1
  pes_18_17 (PE_289)                   5.86e-03    0.185 7.08e+03    0.198   0.1
  pes_17_17 (PE_290)                   6.08e-03    0.186 7.01e+03    0.200   0.1
  pes_16_17 (PE_291)                   6.77e-03    0.186 6.82e+03    0.199   0.1
  pes_15_17 (PE_292)                   7.12e-03    0.188 6.92e+03    0.202   0.1
  pes_14_17 (PE_293)                   7.89e-03    0.188 6.90e+03    0.203   0.1
  pes_13_17 (PE_294)                   8.75e-03    0.190 7.09e+03    0.206   0.1
  pes_12_17 (PE_295)                   9.85e-03    0.188 6.82e+03    0.205   0.1
  pes_11_17 (PE_296)                   1.14e-02    0.192 7.07e+03    0.211   0.1
  pes_10_17 (PE_297)                   1.31e-02    0.192 7.08e+03    0.212   0.1
  pes_9_17 (PE_298)                    1.50e-02    0.197 6.95e+03    0.219   0.1
  pes_8_17 (PE_299)                    1.76e-02    0.199 6.84e+03    0.223   0.1
  pes_7_17 (PE_300)                    2.07e-02    0.202 6.98e+03    0.230   0.1
  pes_6_17 (PE_301)                    2.54e-02    0.206 6.87e+03    0.238   0.1
  pes_5_17 (PE_302)                    3.11e-02    0.214 6.96e+03    0.252   0.1
  pes_4_17 (PE_303)                    3.99e-02    0.223 6.99e+03    0.270   0.1
  pes_3_17 (PE_304)                    4.89e-02    0.233 7.02e+03    0.289   0.2
  pes_2_17 (PE_305)                    6.07e-02    0.244 6.91e+03    0.312   0.2
  pes_1_17 (PE_306)                    7.50e-02    0.261 6.92e+03    0.343   0.2
  pes_0_17 (PE_307)                       0.105    0.302 6.85e+03    0.413   0.2
  pes_27_16 (PE_308)                   2.17e-03    0.122 7.04e+03    0.131   0.1
  pes_26_16 (PE_309)                   4.07e-03    0.185 6.92e+03    0.196   0.1
  pes_25_16 (PE_310)                   4.49e-03    0.184 6.89e+03    0.195   0.1
  pes_24_16 (PE_311)                   4.33e-03    0.185 6.98e+03    0.196   0.1
  pes_23_16 (PE_312)                   4.42e-03    0.185 6.87e+03    0.196   0.1
  pes_22_16 (PE_313)                   4.52e-03    0.185 6.88e+03    0.197   0.1
  pes_21_16 (PE_314)                   4.62e-03    0.184 7.01e+03    0.196   0.1
  pes_20_16 (PE_315)                   4.74e-03    0.185 6.92e+03    0.197   0.1
  pes_19_16 (PE_316)                   5.00e-03    0.184 6.91e+03    0.196   0.1
  pes_18_16 (PE_317)                   5.12e-03    0.186 6.91e+03    0.198   0.1
  pes_17_16 (PE_318)                   5.54e-03    0.185 6.92e+03    0.198   0.1
  pes_16_16 (PE_319)                   5.79e-03    0.186 6.98e+03    0.199   0.1
  pes_15_16 (PE_320)                   6.48e-03    0.187 7.00e+03    0.201   0.1
  pes_14_16 (PE_321)                   7.50e-03    0.189 7.00e+03    0.203   0.1
  pes_13_16 (PE_322)                   8.32e-03    0.187 6.91e+03    0.203   0.1
  pes_12_16 (PE_323)                   9.37e-03    0.191 7.13e+03    0.207   0.1
  pes_11_16 (PE_324)                   1.07e-02    0.191 6.91e+03    0.209   0.1
  pes_10_16 (PE_325)                   1.25e-02    0.194 6.95e+03    0.213   0.1
  pes_9_16 (PE_326)                    1.51e-02    0.195 6.99e+03    0.217   0.1
  pes_8_16 (PE_327)                    1.84e-02    0.200 7.00e+03    0.225   0.1
  pes_7_16 (PE_328)                    2.26e-02    0.204 7.04e+03    0.233   0.1
  pes_6_16 (PE_329)                    2.72e-02    0.208 6.92e+03    0.242   0.1
  pes_5_16 (PE_330)                    3.23e-02    0.215 6.92e+03    0.254   0.1
  pes_4_16 (PE_331)                    3.96e-02    0.222 6.87e+03    0.269   0.1
  pes_3_16 (PE_332)                    4.92e-02    0.233 6.94e+03    0.289   0.2
  pes_2_16 (PE_333)                    6.19e-02    0.248 7.08e+03    0.317   0.2
  pes_1_16 (PE_334)                    7.70e-02    0.265 7.06e+03    0.349   0.2
  pes_0_16 (PE_335)                       0.106    0.301 6.70e+03    0.413   0.2
  pes_27_15 (PE_336)                   2.08e-03    0.121 6.96e+03    0.130   0.1
  pes_26_15 (PE_337)                   4.14e-03    0.184 6.89e+03    0.195   0.1
  pes_25_15 (PE_338)                   4.26e-03    0.183 6.84e+03    0.194   0.1
  pes_24_15 (PE_339)                   4.19e-03    0.185 6.87e+03    0.196   0.1
  pes_23_15 (PE_340)                   4.34e-03    0.183 6.96e+03    0.194   0.1
  pes_22_15 (PE_341)                   4.32e-03    0.183 6.92e+03    0.194   0.1
  pes_21_15 (PE_342)                   4.50e-03    0.184 6.96e+03    0.195   0.1
  pes_20_15 (PE_343)                   4.66e-03    0.185 6.90e+03    0.196   0.1
  pes_19_15 (PE_344)                   4.96e-03    0.186 7.02e+03    0.198   0.1
  pes_18_15 (PE_345)                   5.22e-03    0.185 6.81e+03    0.197   0.1
  pes_17_15 (PE_346)                   5.55e-03    0.185 6.90e+03    0.198   0.1
  pes_16_15 (PE_347)                   6.12e-03    0.185 6.82e+03    0.198   0.1
  pes_15_15 (PE_348)                   6.46e-03    0.187 6.97e+03    0.200   0.1
  pes_14_15 (PE_349)                   7.45e-03    0.186 6.95e+03    0.201   0.1
  pes_13_15 (PE_350)                   8.27e-03    0.188 7.00e+03    0.204   0.1
  pes_12_15 (PE_351)                   9.36e-03    0.191 6.96e+03    0.207   0.1
  pes_11_15 (PE_352)                   1.07e-02    0.190 6.97e+03    0.207   0.1
  pes_10_15 (PE_353)                   1.27e-02    0.194 6.85e+03    0.214   0.1
  pes_9_15 (PE_354)                    1.47e-02    0.195 7.03e+03    0.217   0.1
  pes_8_15 (PE_355)                    1.67e-02    0.197 6.83e+03    0.221   0.1
  pes_7_15 (PE_356)                    2.00e-02    0.202 6.87e+03    0.229   0.1
  pes_6_15 (PE_357)                    2.47e-02    0.205 6.85e+03    0.237   0.1
  pes_5_15 (PE_358)                    3.03e-02    0.214 6.95e+03    0.251   0.1
  pes_4_15 (PE_359)                    3.80e-02    0.222 7.02e+03    0.267   0.1
  pes_3_15 (PE_360)                    4.80e-02    0.234 7.06e+03    0.289   0.2
  pes_2_15 (PE_361)                    5.86e-02    0.242 6.87e+03    0.307   0.2
  pes_1_15 (PE_362)                    7.39e-02    0.259 6.97e+03    0.340   0.2
  pes_0_15 (PE_363)                       0.101    0.296 6.75e+03    0.404   0.2
  pes_27_14 (PE_364)                   2.09e-03    0.121 6.76e+03    0.130   0.1
  pes_26_14 (PE_365)                   3.95e-03    0.183 6.91e+03    0.194   0.1
  pes_25_14 (PE_366)                   4.11e-03    0.184 6.91e+03    0.195   0.1
  pes_24_14 (PE_367)                   4.30e-03    0.184 6.87e+03    0.195   0.1
  pes_23_14 (PE_368)                   4.39e-03    0.185 6.93e+03    0.197   0.1
  pes_22_14 (PE_369)                   4.51e-03    0.185 6.98e+03    0.196   0.1
  pes_21_14 (PE_370)                   4.59e-03    0.183 6.88e+03    0.195   0.1
  pes_20_14 (PE_371)                   4.78e-03    0.186 6.95e+03    0.197   0.1
  pes_19_14 (PE_372)                   5.04e-03    0.185 6.89e+03    0.197   0.1
  pes_18_14 (PE_373)                   5.55e-03    0.186 7.01e+03    0.198   0.1
  pes_17_14 (PE_374)                   5.84e-03    0.185 7.01e+03    0.198   0.1
  pes_16_14 (PE_375)                   6.65e-03    0.186 6.98e+03    0.200   0.1
  pes_15_14 (PE_376)                   7.05e-03    0.188 6.99e+03    0.202   0.1
  pes_14_14 (PE_377)                   7.70e-03    0.187 7.04e+03    0.202   0.1
  pes_13_14 (PE_378)                   8.52e-03    0.188 6.95e+03    0.203   0.1
  pes_12_14 (PE_379)                   9.42e-03    0.188 6.95e+03    0.205   0.1
  pes_11_14 (PE_380)                   1.12e-02    0.192 6.86e+03    0.211   0.1
  pes_10_14 (PE_381)                   1.32e-02    0.194 6.97e+03    0.214   0.1
  pes_9_14 (PE_382)                    1.56e-02    0.196 6.89e+03    0.219   0.1
  pes_8_14 (PE_383)                    1.87e-02    0.200 7.10e+03    0.226   0.1
  pes_7_14 (PE_384)                    2.14e-02    0.203 6.90e+03    0.232   0.1
  pes_6_14 (PE_385)                    2.61e-02    0.209 6.93e+03    0.242   0.1
  pes_5_14 (PE_386)                    3.11e-02    0.213 6.82e+03    0.251   0.1
  pes_4_14 (PE_387)                    3.86e-02    0.222 6.94e+03    0.268   0.1
  pes_3_14 (PE_388)                    4.75e-02    0.231 6.90e+03    0.286   0.2
  pes_2_14 (PE_389)                    5.86e-02    0.246 6.92e+03    0.311   0.2
  pes_1_14 (PE_390)                    7.47e-02    0.261 7.10e+03    0.342   0.2
  pes_0_14 (PE_391)                       0.103    0.299 6.80e+03    0.409   0.2
  pes_27_13 (PE_392)                   2.49e-03    0.122 7.20e+03    0.132   0.1
  pes_26_13 (PE_393)                   4.65e-03    0.182 7.02e+03    0.194   0.1
  pes_25_13 (PE_394)                   4.53e-03    0.185 6.96e+03    0.196   0.1
  pes_24_13 (PE_395)                   4.55e-03    0.184 6.95e+03    0.196   0.1
  pes_23_13 (PE_396)                   4.73e-03    0.186 6.99e+03    0.197   0.1
  pes_22_13 (PE_397)                   4.76e-03    0.185 6.95e+03    0.197   0.1
  pes_21_13 (PE_398)                   5.05e-03    0.185 6.95e+03    0.197   0.1
  pes_20_13 (PE_399)                   5.32e-03    0.186 6.91e+03    0.198   0.1
  pes_19_13 (PE_400)                   5.53e-03    0.186 6.93e+03    0.198   0.1
  pes_18_13 (PE_401)                   6.10e-03    0.185 6.82e+03    0.197   0.1
  pes_17_13 (PE_402)                   6.42e-03    0.188 6.91e+03    0.201   0.1
  pes_16_13 (PE_403)                   7.06e-03    0.187 6.97e+03    0.201   0.1
  pes_15_13 (PE_404)                   7.88e-03    0.189 6.95e+03    0.204   0.1
  pes_14_13 (PE_405)                   8.78e-03    0.188 6.87e+03    0.204   0.1
  pes_13_13 (PE_406)                   9.84e-03    0.191 6.98e+03    0.208   0.1
  pes_12_13 (PE_407)                   1.09e-02    0.191 6.96e+03    0.208   0.1
  pes_11_13 (PE_408)                   1.24e-02    0.192 7.10e+03    0.212   0.1
  pes_10_13 (PE_409)                   1.41e-02    0.194 6.81e+03    0.215   0.1
  pes_9_13 (PE_410)                    1.68e-02    0.198 7.01e+03    0.222   0.1
  pes_8_13 (PE_411)                    1.95e-02    0.200 6.87e+03    0.226   0.1
  pes_7_13 (PE_412)                    2.30e-02    0.205 6.85e+03    0.235   0.1
  pes_6_13 (PE_413)                    2.79e-02    0.209 6.92e+03    0.244   0.1
  pes_5_13 (PE_414)                    3.32e-02    0.217 6.94e+03    0.257   0.1
  pes_4_13 (PE_415)                    4.08e-02    0.225 6.99e+03    0.273   0.1
  pes_3_13 (PE_416)                    5.15e-02    0.236 7.09e+03    0.295   0.2
  pes_2_13 (PE_417)                    6.08e-02    0.246 6.93e+03    0.314   0.2
  pes_1_13 (PE_418)                    7.64e-02    0.265 7.03e+03    0.349   0.2
  pes_0_13 (PE_419)                       0.105    0.303 6.90e+03    0.415   0.2
  pes_27_12 (PE_420)                   2.11e-03    0.122 7.02e+03    0.131   0.1
  pes_26_12 (PE_421)                   4.14e-03    0.185 7.02e+03    0.196   0.1
  pes_25_12 (PE_422)                   4.12e-03    0.185 6.92e+03    0.196   0.1
  pes_24_12 (PE_423)                   4.28e-03    0.184 6.84e+03    0.195   0.1
  pes_23_12 (PE_424)                   4.55e-03    0.185 6.94e+03    0.197   0.1
  pes_22_12 (PE_425)                   4.62e-03    0.185 6.95e+03    0.197   0.1
  pes_21_12 (PE_426)                   4.90e-03    0.183 6.96e+03    0.195   0.1
  pes_20_12 (PE_427)                   5.57e-03    0.185 6.98e+03    0.198   0.1
  pes_19_12 (PE_428)                   5.69e-03    0.185 6.89e+03    0.198   0.1
  pes_18_12 (PE_429)                   6.02e-03    0.184 6.95e+03    0.197   0.1
  pes_17_12 (PE_430)                   6.50e-03    0.186 6.92e+03    0.199   0.1
  pes_16_12 (PE_431)                   6.98e-03    0.188 7.07e+03    0.202   0.1
  pes_15_12 (PE_432)                   7.46e-03    0.187 6.98e+03    0.202   0.1
  pes_14_12 (PE_433)                   8.33e-03    0.188 7.00e+03    0.203   0.1
  pes_13_12 (PE_434)                   9.26e-03    0.189 6.83e+03    0.205   0.1
  pes_12_12 (PE_435)                   1.04e-02    0.191 7.04e+03    0.209   0.1
  pes_11_12 (PE_436)                   1.20e-02    0.192 6.95e+03    0.211   0.1
  pes_10_12 (PE_437)                   1.36e-02    0.194 6.95e+03    0.215   0.1
  pes_9_12 (PE_438)                    1.63e-02    0.198 6.96e+03    0.222   0.1
  pes_8_12 (PE_439)                    1.95e-02    0.202 7.02e+03    0.228   0.1
  pes_7_12 (PE_440)                    2.33e-02    0.205 6.97e+03    0.235   0.1
  pes_6_12 (PE_441)                    2.76e-02    0.208 6.83e+03    0.243   0.1
  pes_5_12 (PE_442)                    3.31e-02    0.216 6.91e+03    0.256   0.1
  pes_4_12 (PE_443)                    4.08e-02    0.225 7.07e+03    0.273   0.1
  pes_3_12 (PE_444)                    5.20e-02    0.234 7.04e+03    0.293   0.2
  pes_2_12 (PE_445)                    6.36e-02    0.250 7.04e+03    0.321   0.2
  pes_1_12 (PE_446)                    7.83e-02    0.265 6.98e+03    0.351   0.2
  pes_0_12 (PE_447)                       0.108    0.305 6.81e+03    0.420   0.2
  pes_27_11 (PE_448)                   2.38e-03    0.122 6.98e+03    0.131   0.1
  pes_26_11 (PE_449)                   4.00e-03    0.183 6.93e+03    0.194   0.1
  pes_25_11 (PE_450)                   4.31e-03    0.184 6.92e+03    0.196   0.1
  pes_24_11 (PE_451)                   4.19e-03    0.182 7.15e+03    0.193   0.1
  pes_23_11 (PE_452)                   4.19e-03    0.182 6.92e+03    0.193   0.1
  pes_22_11 (PE_453)                   4.27e-03    0.184 6.93e+03    0.195   0.1
  pes_21_11 (PE_454)                   4.51e-03    0.184 6.93e+03    0.195   0.1
  pes_20_11 (PE_455)                   4.62e-03    0.184 7.01e+03    0.196   0.1
  pes_19_11 (PE_456)                   4.90e-03    0.184 7.10e+03    0.196   0.1
  pes_18_11 (PE_457)                   5.11e-03    0.184 6.94e+03    0.196   0.1
  pes_17_11 (PE_458)                   5.28e-03    0.184 6.90e+03    0.197   0.1
  pes_16_11 (PE_459)                   5.74e-03    0.184 6.89e+03    0.197   0.1
  pes_15_11 (PE_460)                   6.23e-03    0.187 6.90e+03    0.200   0.1
  pes_14_11 (PE_461)                   7.10e-03    0.187 7.01e+03    0.201   0.1
  pes_13_11 (PE_462)                   7.51e-03    0.189 7.05e+03    0.203   0.1
  pes_12_11 (PE_463)                   8.93e-03    0.190 6.94e+03    0.206   0.1
  pes_11_11 (PE_464)                   1.04e-02    0.192 6.96e+03    0.209   0.1
  pes_10_11 (PE_465)                   1.18e-02    0.192 6.88e+03    0.210   0.1
  pes_9_11 (PE_466)                    1.42e-02    0.196 7.06e+03    0.217   0.1
  pes_8_11 (PE_467)                    1.68e-02    0.196 6.86e+03    0.220   0.1
  pes_7_11 (PE_468)                    2.04e-02    0.201 6.89e+03    0.229   0.1
  pes_6_11 (PE_469)                    2.49e-02    0.208 6.94e+03    0.240   0.1
  pes_5_11 (PE_470)                    3.04e-02    0.212 6.86e+03    0.249   0.1
  pes_4_11 (PE_471)                    3.72e-02    0.220 6.94e+03    0.264   0.1
  pes_3_11 (PE_472)                    4.69e-02    0.231 6.96e+03    0.285   0.2
  pes_2_11 (PE_473)                    5.79e-02    0.245 6.89e+03    0.309   0.2
  pes_1_11 (PE_474)                    7.32e-02    0.261 7.04e+03    0.341   0.2
  pes_0_11 (PE_475)                       0.105    0.300 6.86e+03    0.412   0.2
  pes_27_10 (PE_476)                   2.12e-03    0.121 6.91e+03    0.130   0.1
  pes_26_10 (PE_477)                   3.89e-03    0.183 6.96e+03    0.193   0.1
  pes_25_10 (PE_478)                   4.05e-03    0.184 7.02e+03    0.195   0.1
  pes_24_10 (PE_479)                   4.10e-03    0.185 6.94e+03    0.196   0.1
  pes_23_10 (PE_480)                   4.24e-03    0.184 6.98e+03    0.195   0.1
  pes_22_10 (PE_481)                   4.50e-03    0.185 6.96e+03    0.197   0.1
  pes_21_10 (PE_482)                   4.58e-03    0.184 6.91e+03    0.196   0.1
  pes_20_10 (PE_483)                   4.54e-03    0.185 6.95e+03    0.196   0.1
  pes_19_10 (PE_484)                   4.77e-03    0.183 6.90e+03    0.195   0.1
  pes_18_10 (PE_485)                   5.29e-03    0.186 6.96e+03    0.198   0.1
  pes_17_10 (PE_486)                   5.55e-03    0.186 6.96e+03    0.199   0.1
  pes_16_10 (PE_487)                   6.25e-03    0.187 6.97e+03    0.201   0.1
  pes_15_10 (PE_488)                   6.51e-03    0.185 6.93e+03    0.199   0.1
  pes_14_10 (PE_489)                   7.13e-03    0.187 6.91e+03    0.201   0.1
  pes_13_10 (PE_490)                   8.21e-03    0.188 6.90e+03    0.203   0.1
  pes_12_10 (PE_491)                   9.67e-03    0.191 6.96e+03    0.208   0.1
  pes_11_10 (PE_492)                   1.06e-02    0.191 6.92e+03    0.209   0.1
  pes_10_10 (PE_493)                   1.24e-02    0.194 6.94e+03    0.214   0.1
  pes_9_10 (PE_494)                    1.51e-02    0.195 6.98e+03    0.217   0.1
  pes_8_10 (PE_495)                    1.79e-02    0.198 6.94e+03    0.223   0.1
  pes_7_10 (PE_496)                    2.19e-02    0.205 6.94e+03    0.234   0.1
  pes_6_10 (PE_497)                    2.60e-02    0.208 6.83e+03    0.241   0.1
  pes_5_10 (PE_498)                    3.18e-02    0.215 6.98e+03    0.254   0.1
  pes_4_10 (PE_499)                    3.87e-02    0.223 6.91e+03    0.269   0.1
  pes_3_10 (PE_500)                    4.92e-02    0.233 7.04e+03    0.289   0.2
  pes_2_10 (PE_501)                    6.16e-02    0.248 7.02e+03    0.317   0.2
  pes_1_10 (PE_502)                    7.69e-02    0.264 6.94e+03    0.348   0.2
  pes_0_10 (PE_503)                       0.106    0.300 6.83e+03    0.413   0.2
  pes_27_9 (PE_504)                    2.17e-03    0.121 6.93e+03    0.130   0.1
  pes_26_9 (PE_505)                    3.93e-03    0.183 7.10e+03    0.194   0.1
  pes_25_9 (PE_506)                    4.09e-03    0.183 6.92e+03    0.194   0.1
  pes_24_9 (PE_507)                    4.21e-03    0.183 6.86e+03    0.194   0.1
  pes_23_9 (PE_508)                    4.53e-03    0.184 6.94e+03    0.195   0.1
  pes_22_9 (PE_509)                    4.48e-03    0.185 6.84e+03    0.196   0.1
  pes_21_9 (PE_510)                    4.61e-03    0.185 6.97e+03    0.197   0.1
  pes_20_9 (PE_511)                    4.79e-03    0.183 6.98e+03    0.195   0.1
  pes_19_9 (PE_512)                    5.01e-03    0.185 6.95e+03    0.197   0.1
  pes_18_9 (PE_513)                    5.28e-03    0.185 7.01e+03    0.197   0.1
  pes_17_9 (PE_514)                    5.68e-03    0.186 6.96e+03    0.199   0.1
  pes_16_9 (PE_515)                    6.33e-03    0.185 6.94e+03    0.199   0.1
  pes_15_9 (PE_516)                    7.18e-03    0.187 6.99e+03    0.201   0.1
  pes_14_9 (PE_517)                    8.05e-03    0.186 6.88e+03    0.201   0.1
  pes_13_9 (PE_518)                    9.11e-03    0.190 6.93e+03    0.206   0.1
  pes_12_9 (PE_519)                    1.05e-02    0.189 6.86e+03    0.207   0.1
  pes_11_9 (PE_520)                    1.21e-02    0.192 7.00e+03    0.211   0.1
  pes_10_9 (PE_521)                    1.37e-02    0.193 6.90e+03    0.214   0.1
  pes_9_9 (PE_522)                     1.57e-02    0.197 6.99e+03    0.220   0.1
  pes_8_9 (PE_523)                     1.83e-02    0.199 6.95e+03    0.224   0.1
  pes_7_9 (PE_524)                     2.17e-02    0.204 6.91e+03    0.232   0.1
  pes_6_9 (PE_525)                     2.63e-02    0.208 6.89e+03    0.241   0.1
  pes_5_9 (PE_526)                     3.12e-02    0.215 6.95e+03    0.253   0.1
  pes_4_9 (PE_527)                     3.82e-02    0.220 6.91e+03    0.265   0.1
  pes_3_9 (PE_528)                     4.79e-02    0.232 6.85e+03    0.286   0.2
  pes_2_9 (PE_529)                     5.89e-02    0.245 6.86e+03    0.311   0.2
  pes_1_9 (PE_530)                     7.59e-02    0.262 6.99e+03    0.345   0.2
  pes_0_9 (PE_531)                        0.104    0.299 6.82e+03    0.411   0.2
  pes_27_8 (PE_532)                    2.23e-03    0.122 7.02e+03    0.131   0.1
  pes_26_8 (PE_533)                    4.21e-03    0.184 6.93e+03    0.195   0.1
  pes_25_8 (PE_534)                    4.30e-03    0.182 6.86e+03    0.194   0.1
  pes_24_8 (PE_535)                    4.59e-03    0.185 7.02e+03    0.197   0.1
  pes_23_8 (PE_536)                    4.84e-03    0.183 6.85e+03    0.194   0.1
  pes_22_8 (PE_537)                    4.79e-03    0.184 6.99e+03    0.196   0.1
  pes_21_8 (PE_538)                    4.74e-03    0.184 6.92e+03    0.195   0.1
  pes_20_8 (PE_539)                    5.06e-03    0.185 6.98e+03    0.197   0.1
  pes_19_8 (PE_540)                    5.25e-03    0.185 7.03e+03    0.197   0.1
  pes_18_8 (PE_541)                    5.57e-03    0.186 6.92e+03    0.198   0.1
  pes_17_8 (PE_542)                    6.05e-03    0.185 6.87e+03    0.198   0.1
  pes_16_8 (PE_543)                    6.72e-03    0.187 6.87e+03    0.201   0.1
  pes_15_8 (PE_544)                    7.40e-03    0.187 6.93e+03    0.201   0.1
  pes_14_8 (PE_545)                    8.34e-03    0.188 6.88e+03    0.203   0.1
  pes_13_8 (PE_546)                    9.07e-03    0.189 7.06e+03    0.205   0.1
  pes_12_8 (PE_547)                    1.05e-02    0.191 7.00e+03    0.208   0.1
  pes_11_8 (PE_548)                    1.22e-02    0.193 6.99e+03    0.212   0.1
  pes_10_8 (PE_549)                    1.37e-02    0.195 6.81e+03    0.216   0.1
  pes_9_8 (PE_550)                     1.60e-02    0.198 6.88e+03    0.221   0.1
  pes_8_8 (PE_551)                     1.92e-02    0.202 7.05e+03    0.228   0.1
  pes_7_8 (PE_552)                     2.27e-02    0.205 6.97e+03    0.235   0.1
  pes_6_8 (PE_553)                     2.66e-02    0.208 6.83e+03    0.241   0.1
  pes_5_8 (PE_554)                     3.31e-02    0.214 6.89e+03    0.254   0.1
  pes_4_8 (PE_555)                     4.13e-02    0.227 7.00e+03    0.275   0.2
  pes_3_8 (PE_556)                     5.05e-02    0.234 6.93e+03    0.291   0.2
  pes_2_8 (PE_557)                     6.27e-02    0.248 6.94e+03    0.317   0.2
  pes_1_8 (PE_558)                     7.84e-02    0.267 7.01e+03    0.352   0.2
  pes_0_8 (PE_559)                        0.104    0.302 6.80e+03    0.413   0.2
  pes_27_7 (PE_560)                    2.34e-03    0.122 7.06e+03    0.131   0.1
  pes_26_7 (PE_561)                    4.11e-03    0.183 6.95e+03    0.194   0.1
  pes_25_7 (PE_562)                    4.52e-03    0.185 6.98e+03    0.197   0.1
  pes_24_7 (PE_563)                    4.42e-03    0.185 6.99e+03    0.196   0.1
  pes_23_7 (PE_564)                    4.69e-03    0.184 6.84e+03    0.196   0.1
  pes_22_7 (PE_565)                    4.69e-03    0.186 6.90e+03    0.197   0.1
  pes_21_7 (PE_566)                    4.90e-03    0.186 7.03e+03    0.198   0.1
  pes_20_7 (PE_567)                    4.98e-03    0.183 6.87e+03    0.195   0.1
  pes_19_7 (PE_568)                    5.36e-03    0.186 6.82e+03    0.198   0.1
  pes_18_7 (PE_569)                    5.46e-03    0.185 6.88e+03    0.197   0.1
  pes_17_7 (PE_570)                    5.70e-03    0.187 7.10e+03    0.199   0.1
  pes_16_7 (PE_571)                    6.31e-03    0.186 6.87e+03    0.199   0.1
  pes_15_7 (PE_572)                    6.70e-03    0.188 6.94e+03    0.202   0.1
  pes_14_7 (PE_573)                    7.35e-03    0.188 6.91e+03    0.203   0.1
  pes_13_7 (PE_574)                    8.11e-03    0.189 6.98e+03    0.204   0.1
  pes_12_7 (PE_575)                    9.39e-03    0.188 6.97e+03    0.204   0.1
  pes_11_7 (PE_576)                    1.07e-02    0.191 7.02e+03    0.209   0.1
  pes_10_7 (PE_577)                    1.21e-02    0.191 6.89e+03    0.210   0.1
  pes_9_7 (PE_578)                     1.49e-02    0.196 7.00e+03    0.218   0.1
  pes_8_7 (PE_579)                     1.83e-02    0.198 6.89e+03    0.223   0.1
  pes_7_7 (PE_580)                     2.18e-02    0.205 7.00e+03    0.233   0.1
  pes_6_7 (PE_581)                     2.68e-02    0.209 7.03e+03    0.243   0.1
  pes_5_7 (PE_582)                     3.26e-02    0.217 7.07e+03    0.256   0.1
  pes_4_7 (PE_583)                     3.93e-02    0.222 6.89e+03    0.268   0.1
  pes_3_7 (PE_584)                     5.00e-02    0.235 6.95e+03    0.292   0.2
  pes_2_7 (PE_585)                     6.12e-02    0.246 7.00e+03    0.314   0.2
  pes_1_7 (PE_586)                     7.57e-02    0.263 6.97e+03    0.346   0.2
  pes_0_7 (PE_587)                        0.104    0.301 6.80e+03    0.412   0.2
  pes_27_6 (PE_588)                    2.59e-03    0.122 6.88e+03    0.131   0.1
  pes_26_6 (PE_589)                    4.45e-03    0.183 6.95e+03    0.195   0.1
  pes_25_6 (PE_590)                    4.71e-03    0.185 6.90e+03    0.196   0.1
  pes_24_6 (PE_591)                    4.77e-03    0.185 6.93e+03    0.197   0.1
  pes_23_6 (PE_592)                    4.84e-03    0.183 6.88e+03    0.195   0.1
  pes_22_6 (PE_593)                    4.64e-03    0.185 7.07e+03    0.197   0.1
  pes_21_6 (PE_594)                    4.80e-03    0.184 6.94e+03    0.196   0.1
  pes_20_6 (PE_595)                    4.99e-03    0.185 6.92e+03    0.197   0.1
  pes_19_6 (PE_596)                    5.60e-03    0.186 6.97e+03    0.198   0.1
  pes_18_6 (PE_597)                    6.07e-03    0.186 6.94e+03    0.199   0.1
  pes_17_6 (PE_598)                    6.15e-03    0.185 6.87e+03    0.198   0.1
  pes_16_6 (PE_599)                    6.78e-03    0.186 6.86e+03    0.200   0.1
  pes_15_6 (PE_600)                    7.00e-03    0.187 7.03e+03    0.201   0.1
  pes_14_6 (PE_601)                    7.80e-03    0.188 6.97e+03    0.202   0.1
  pes_13_6 (PE_602)                    9.00e-03    0.187 6.92e+03    0.203   0.1
  pes_12_6 (PE_603)                    9.96e-03    0.191 6.90e+03    0.208   0.1
  pes_11_6 (PE_604)                    1.11e-02    0.192 6.88e+03    0.210   0.1
  pes_10_6 (PE_605)                    1.32e-02    0.195 7.11e+03    0.216   0.1
  pes_9_6 (PE_606)                     1.61e-02    0.196 6.87e+03    0.219   0.1
  pes_8_6 (PE_607)                     1.90e-02    0.201 6.93e+03    0.227   0.1
  pes_7_6 (PE_608)                     2.29e-02    0.206 7.04e+03    0.236   0.1
  pes_6_6 (PE_609)                     2.76e-02    0.209 6.98e+03    0.244   0.1
  pes_5_6 (PE_610)                     3.38e-02    0.217 6.88e+03    0.257   0.1
  pes_4_6 (PE_611)                     4.22e-02    0.225 7.04e+03    0.274   0.2
  pes_3_6 (PE_612)                     5.03e-02    0.235 7.00e+03    0.292   0.2
  pes_2_6 (PE_613)                     6.32e-02    0.248 7.03e+03    0.318   0.2
  pes_1_6 (PE_614)                     7.93e-02    0.266 7.07e+03    0.353   0.2
  pes_0_6 (PE_615)                        0.107    0.305 6.93e+03    0.419   0.2
  pes_27_5 (PE_616)                    3.06e-03    0.123 7.14e+03    0.133   0.1
  pes_26_5 (PE_617)                    4.60e-03    0.182 6.87e+03    0.194   0.1
  pes_25_5 (PE_618)                    5.17e-03    0.185 7.14e+03    0.198   0.1
  pes_24_5 (PE_619)                    5.08e-03    0.183 6.91e+03    0.195   0.1
  pes_23_5 (PE_620)                    5.22e-03    0.184 6.95e+03    0.196   0.1
  pes_22_5 (PE_621)                    5.33e-03    0.184 6.92e+03    0.196   0.1
  pes_21_5 (PE_622)                    5.51e-03    0.185 6.99e+03    0.197   0.1
  pes_20_5 (PE_623)                    5.70e-03    0.186 6.87e+03    0.198   0.1
  pes_19_5 (PE_624)                    5.75e-03    0.186 6.88e+03    0.199   0.1
  pes_18_5 (PE_625)                    6.20e-03    0.186 6.88e+03    0.199   0.1
  pes_17_5 (PE_626)                    6.95e-03    0.187 7.01e+03    0.200   0.1
  pes_16_5 (PE_627)                    7.37e-03    0.187 6.87e+03    0.201   0.1
  pes_15_5 (PE_628)                    7.80e-03    0.186 6.89e+03    0.201   0.1
  pes_14_5 (PE_629)                    8.45e-03    0.189 6.99e+03    0.204   0.1
  pes_13_5 (PE_630)                    9.31e-03    0.190 6.89e+03    0.206   0.1
  pes_12_5 (PE_631)                    1.09e-02    0.192 6.97e+03    0.210   0.1
  pes_11_5 (PE_632)                    1.23e-02    0.193 6.89e+03    0.212   0.1
  pes_10_5 (PE_633)                    1.41e-02    0.194 7.05e+03    0.215   0.1
  pes_9_5 (PE_634)                     1.64e-02    0.198 6.94e+03    0.221   0.1
  pes_8_5 (PE_635)                     1.91e-02    0.200 7.03e+03    0.226   0.1
  pes_7_5 (PE_636)                     2.20e-02    0.204 6.87e+03    0.233   0.1
  pes_6_5 (PE_637)                     2.72e-02    0.209 6.99e+03    0.243   0.1
  pes_5_5 (PE_638)                     3.36e-02    0.216 6.96e+03    0.257   0.1
  pes_4_5 (PE_639)                     4.07e-02    0.223 6.92e+03    0.271   0.1
  pes_3_5 (PE_640)                     5.08e-02    0.235 6.89e+03    0.293   0.2
  pes_2_5 (PE_641)                     6.22e-02    0.248 6.90e+03    0.317   0.2
  pes_1_5 (PE_642)                     7.60e-02    0.265 6.94e+03    0.348   0.2
  pes_0_5 (PE_643)                        0.106    0.300 6.83e+03    0.412   0.2
  pes_27_4 (PE_644)                    4.00e-03    0.123 7.04e+03    0.134   0.1
  pes_26_4 (PE_645)                    5.61e-03    0.186 6.79e+03    0.198   0.1
  pes_25_4 (PE_646)                    5.94e-03    0.186 6.89e+03    0.198   0.1
  pes_24_4 (PE_647)                    5.94e-03    0.186 6.98e+03    0.199   0.1
  pes_23_4 (PE_648)                    6.21e-03    0.185 7.01e+03    0.198   0.1
  pes_22_4 (PE_649)                    6.51e-03    0.185 6.95e+03    0.199   0.1
  pes_21_4 (PE_650)                    6.30e-03    0.186 6.93e+03    0.199   0.1
  pes_20_4 (PE_651)                    6.49e-03    0.187 6.93e+03    0.200   0.1
  pes_19_4 (PE_652)                    6.52e-03    0.186 6.98e+03    0.199   0.1
  pes_18_4 (PE_653)                    6.88e-03    0.187 7.02e+03    0.201   0.1
  pes_17_4 (PE_654)                    7.07e-03    0.186 6.93e+03    0.200   0.1
  pes_16_4 (PE_655)                    7.60e-03    0.187 7.02e+03    0.202   0.1
  pes_15_4 (PE_656)                    8.15e-03    0.187 6.91e+03    0.202   0.1
  pes_14_4 (PE_657)                    8.84e-03    0.188 7.04e+03    0.204   0.1
  pes_13_4 (PE_658)                    9.73e-03    0.190 6.95e+03    0.206   0.1
  pes_12_4 (PE_659)                    1.10e-02    0.191 7.02e+03    0.209   0.1
  pes_11_4 (PE_660)                    1.25e-02    0.193 6.94e+03    0.213   0.1
  pes_10_4 (PE_661)                    1.41e-02    0.195 7.01e+03    0.216   0.1
  pes_9_4 (PE_662)                     1.66e-02    0.197 6.84e+03    0.220   0.1
  pes_8_4 (PE_663)                     1.93e-02    0.200 6.93e+03    0.226   0.1
  pes_7_4 (PE_664)                     2.27e-02    0.205 6.95e+03    0.235   0.1
  pes_6_4 (PE_665)                     2.78e-02    0.211 6.95e+03    0.246   0.1
  pes_5_4 (PE_666)                     3.47e-02    0.215 6.87e+03    0.257   0.1
  pes_4_4 (PE_667)                     4.10e-02    0.226 6.99e+03    0.274   0.2
  pes_3_4 (PE_668)                     5.01e-02    0.235 6.95e+03    0.292   0.2
  pes_2_4 (PE_669)                     6.23e-02    0.249 6.95e+03    0.318   0.2
  pes_1_4 (PE_670)                     7.86e-02    0.263 7.01e+03    0.349   0.2
  pes_0_4 (PE_671)                        0.105    0.301 6.78e+03    0.413   0.2
  pes_27_3 (PE_672)                    6.55e-03    0.126 6.87e+03    0.140   0.1
  pes_26_3 (PE_673)                    8.20e-03    0.188 6.97e+03    0.203   0.1
  pes_25_3 (PE_674)                    8.35e-03    0.189 7.06e+03    0.204   0.1
  pes_24_3 (PE_675)                    8.42e-03    0.189 6.92e+03    0.204   0.1
  pes_23_3 (PE_676)                    8.98e-03    0.189 7.02e+03    0.205   0.1
  pes_22_3 (PE_677)                    8.34e-03    0.186 6.86e+03    0.201   0.1
  pes_21_3 (PE_678)                    8.99e-03    0.190 6.98e+03    0.206   0.1
  pes_20_3 (PE_679)                    9.05e-03    0.188 7.06e+03    0.205   0.1
  pes_19_3 (PE_680)                    8.99e-03    0.189 6.99e+03    0.205   0.1
  pes_18_3 (PE_681)                    9.28e-03    0.189 6.83e+03    0.205   0.1
  pes_17_3 (PE_682)                    9.74e-03    0.191 6.99e+03    0.207   0.1
  pes_16_3 (PE_683)                    1.01e-02    0.190 6.95e+03    0.207   0.1
  pes_15_3 (PE_684)                    1.06e-02    0.192 6.92e+03    0.210   0.1
  pes_14_3 (PE_685)                    1.15e-02    0.191 6.83e+03    0.209   0.1
  pes_13_3 (PE_686)                    1.24e-02    0.192 6.89e+03    0.212   0.1
  pes_12_3 (PE_687)                    1.38e-02    0.194 6.91e+03    0.215   0.1
  pes_11_3 (PE_688)                    1.51e-02    0.197 6.93e+03    0.219   0.1
  pes_10_3 (PE_689)                    1.72e-02    0.197 6.89e+03    0.221   0.1
  pes_9_3 (PE_690)                     1.92e-02    0.200 7.01e+03    0.226   0.1
  pes_8_3 (PE_691)                     2.15e-02    0.202 6.91e+03    0.231   0.1
  pes_7_3 (PE_692)                     2.50e-02    0.208 7.00e+03    0.240   0.1
  pes_6_3 (PE_693)                     2.94e-02    0.211 6.92e+03    0.247   0.1
  pes_5_3 (PE_694)                     3.45e-02    0.218 6.94e+03    0.259   0.1
  pes_4_3 (PE_695)                     4.15e-02    0.226 7.00e+03    0.274   0.1
  pes_3_3 (PE_696)                     4.99e-02    0.234 6.85e+03    0.291   0.2
  pes_2_3 (PE_697)                     6.31e-02    0.250 6.96e+03    0.320   0.2
  pes_1_3 (PE_698)                     7.61e-02    0.264 6.93e+03    0.347   0.2
  pes_0_3 (PE_699)                        0.105    0.302 6.87e+03    0.414   0.2
  pes_27_2 (PE_700)                    1.28e-02    0.133 6.97e+03    0.153   0.1
  pes_26_2 (PE_701)                    1.33e-02    0.193 6.92e+03    0.213   0.1
  pes_25_2 (PE_702)                    1.35e-02    0.194 6.85e+03    0.214   0.1
  pes_24_2 (PE_703)                    1.37e-02    0.193 6.99e+03    0.214   0.1
  pes_23_2 (PE_704)                    1.33e-02    0.194 6.81e+03    0.215   0.1
  pes_22_2 (PE_705)                    1.37e-02    0.195 7.02e+03    0.216   0.1
  pes_21_2 (PE_706)                    1.38e-02    0.194 6.86e+03    0.214   0.1
  pes_20_2 (PE_707)                    1.44e-02    0.194 6.84e+03    0.215   0.1
  pes_19_2 (PE_708)                    1.39e-02    0.194 6.89e+03    0.215   0.1
  pes_18_2 (PE_709)                    1.46e-02    0.196 6.91e+03    0.217   0.1
  pes_17_2 (PE_710)                    1.46e-02    0.195 6.95e+03    0.217   0.1
  pes_16_2 (PE_711)                    1.50e-02    0.196 6.82e+03    0.218   0.1
  pes_15_2 (PE_712)                    1.53e-02    0.196 6.86e+03    0.218   0.1
  pes_14_2 (PE_713)                    1.64e-02    0.198 6.95e+03    0.221   0.1
  pes_13_2 (PE_714)                    1.73e-02    0.198 6.92e+03    0.222   0.1
  pes_12_2 (PE_715)                    1.85e-02    0.200 6.99e+03    0.225   0.1
  pes_11_2 (PE_716)                    1.99e-02    0.200 6.95e+03    0.227   0.1
  pes_10_2 (PE_717)                    2.15e-02    0.203 6.91e+03    0.231   0.1
  pes_9_2 (PE_718)                     2.40e-02    0.205 6.89e+03    0.236   0.1
  pes_8_2 (PE_719)                     2.78e-02    0.210 6.99e+03    0.245   0.1
  pes_7_2 (PE_720)                     3.09e-02    0.214 6.98e+03    0.251   0.1
  pes_6_2 (PE_721)                     3.51e-02    0.217 6.91e+03    0.259   0.1
  pes_5_2 (PE_722)                     4.18e-02    0.224 6.90e+03    0.273   0.1
  pes_4_2 (PE_723)                     4.86e-02    0.232 6.88e+03    0.288   0.2
  pes_3_2 (PE_724)                     5.81e-02    0.241 6.98e+03    0.306   0.2
  pes_2_2 (PE_725)                     6.97e-02    0.257 7.05e+03    0.333   0.2
  pes_1_2 (PE_726)                     8.41e-02    0.272 7.05e+03    0.363   0.2
  pes_0_2 (PE_727)                        0.112    0.310 6.80e+03    0.428   0.2
  pes_27_1 (PE_728)                    2.76e-02    0.147 6.67e+03    0.181   0.1
  pes_26_1 (PE_729)                    2.75e-02    0.209 6.92e+03    0.244   0.1
  pes_25_1 (PE_730)                    2.75e-02    0.209 6.93e+03    0.243   0.1
  pes_24_1 (PE_731)                    2.75e-02    0.207 6.88e+03    0.242   0.1
  pes_23_1 (PE_732)                    2.71e-02    0.208 6.84e+03    0.242   0.1
  pes_22_1 (PE_733)                    2.78e-02    0.209 6.88e+03    0.244   0.1
  pes_21_1 (PE_734)                    2.79e-02    0.208 6.95e+03    0.243   0.1
  pes_20_1 (PE_735)                    2.81e-02    0.208 6.87e+03    0.243   0.1
  pes_19_1 (PE_736)                    2.81e-02    0.210 6.93e+03    0.245   0.1
  pes_18_1 (PE_737)                    2.86e-02    0.209 6.95e+03    0.244   0.1
  pes_17_1 (PE_738)                    2.85e-02    0.210 7.01e+03    0.246   0.1
  pes_16_1 (PE_739)                    2.87e-02    0.209 6.94e+03    0.245   0.1
  pes_15_1 (PE_740)                    2.90e-02    0.210 6.88e+03    0.246   0.1
  pes_14_1 (PE_741)                    3.01e-02    0.212 6.87e+03    0.249   0.1
  pes_13_1 (PE_742)                    3.09e-02    0.212 6.88e+03    0.250   0.1
  pes_12_1 (PE_743)                    3.23e-02    0.215 7.03e+03    0.254   0.1
  pes_11_1 (PE_744)                    3.39e-02    0.217 7.00e+03    0.258   0.1
  pes_10_1 (PE_745)                    3.56e-02    0.216 6.88e+03    0.259   0.1
  pes_9_1 (PE_746)                     3.82e-02    0.221 6.96e+03    0.266   0.1
  pes_8_1 (PE_747)                     3.94e-02    0.222 6.84e+03    0.268   0.1
  pes_7_1 (PE_748)                     4.34e-02    0.226 6.89e+03    0.277   0.2
  pes_6_1 (PE_749)                     4.77e-02    0.230 6.94e+03    0.285   0.2
  pes_5_1 (PE_750)                     5.43e-02    0.239 7.09e+03    0.300   0.2
  pes_4_1 (PE_751)                     6.03e-02    0.243 6.83e+03    0.310   0.2
  pes_3_1 (PE_752)                     6.91e-02    0.257 6.93e+03    0.333   0.2
  pes_2_1 (PE_753)                     8.23e-02    0.269 7.02e+03    0.358   0.2
  pes_1_1 (PE_754)                     9.26e-02    0.282 6.98e+03    0.382   0.2
  pes_0_1 (PE_755)                        0.124    0.322 6.99e+03    0.452   0.2
  pes_27 (PE_756)                      6.36e-02    0.190 6.78e+03    0.261   0.1
  pes_26 (PE_757)                      6.19e-02    0.244 6.69e+03    0.313   0.2
  pes_25 (PE_758)                      6.45e-02    0.250 6.91e+03    0.321   0.2
  pes_24 (PE_759)                      6.40e-02    0.250 6.87e+03    0.321   0.2
  pes_23 (PE_760)                      6.31e-02    0.248 6.84e+03    0.318   0.2
  pes_22 (PE_761)                      6.43e-02    0.250 6.87e+03    0.321   0.2
  pes_21 (PE_762)                      6.28e-02    0.250 6.93e+03    0.319   0.2
  pes_20 (PE_763)                      6.36e-02    0.249 6.85e+03    0.319   0.2
  pes_19 (PE_764)                      6.24e-02    0.247 6.85e+03    0.317   0.2
  pes_18 (PE_765)                      6.45e-02    0.252 7.05e+03    0.323   0.2
  pes_17 (PE_766)                      6.40e-02    0.250 6.94e+03    0.321   0.2
  pes_16 (PE_767)                      6.57e-02    0.249 6.83e+03    0.321   0.2
  pes_15 (PE_768)                      6.62e-02    0.253 6.83e+03    0.326   0.2
  pes_14 (PE_769)                      6.66e-02    0.252 6.90e+03    0.326   0.2
  pes_13 (PE_770)                      6.76e-02    0.253 6.79e+03    0.327   0.2
  pes_12 (PE_771)                      6.68e-02    0.255 6.81e+03    0.329   0.2
  pes_11 (PE_772)                      7.04e-02    0.256 6.96e+03    0.333   0.2
  pes_10 (PE_773)                      7.19e-02    0.257 6.89e+03    0.336   0.2
  pes_9 (PE_774)                       7.47e-02    0.263 6.93e+03    0.344   0.2
  pes_8 (PE_775)                       7.92e-02    0.264 7.01e+03    0.350   0.2
  pes_7 (PE_776)                       8.24e-02    0.268 6.85e+03    0.358   0.2
  pes_6 (PE_777)                       8.68e-02    0.274 6.88e+03    0.368   0.2
  pes_5 (PE_778)                       9.29e-02    0.281 6.94e+03    0.381   0.2
  pes_4 (PE_779)                       9.96e-02    0.288 6.85e+03    0.394   0.2
  pes_3 (PE_780)                          0.111    0.302 6.92e+03    0.419   0.2
  pes_2 (PE_781)                          0.123    0.315 6.98e+03    0.445   0.2
  pes_1 (PE_782)                          0.135    0.326 6.87e+03    0.468   0.3
  pes_0 (PE_783)                          0.167    0.364 6.81e+03    0.538   0.3
1
